Mauvaise expÃ©rience lyoum fi smug's ennasr !! Men 10.45 wena ndour f nasr bech nal9a 9ahwa feha tawla fer8a .3ad mchit el smug's 11.30 w tellement fadit b9it nestana fil beb bech tefra8 tawla..ba3d rbo3 se3a fer8et tawla mchit b9it nestana f serveur yji . Je 11.50 5tart 2 brunch 9ali ok w ba3d...;"['a7sen wa7da stellina lac 1', '', 'Farroussa Bg', '', 'Bsara7a a3az petit dej f versail toooppp ğŸ˜ğŸ˜', '', ""DÃ©solÃ© mais je vois pas que c'est wow. Je trouve rien de spÃ©cial en ce petit dÃ©j. On pourrait faire mieux chez soi ğŸ˜"", '', ""Smug's Lac 1. Tayara qualitÃ© et rapiditÃ©"", '', ""Ù‡Ø§Ùƒ Ø§Ù…Ø±ÙƒÙŠØ© Smug's ?"", '', 'Ù„Ø§Ø²Ù… ØªÙ…Ø´ÙŠÙˆ Ø¨ÙƒØ±Ù‰ ÙÙ‰ Ø§ÙŠ Ù‚Ù‡ÙˆØ© Ù…Ù‡Ù…Ø§ ÙƒØ§Ù†Øª Ù†Ù‡Ø§Ø± Ø§Ù„Ø§Ø­Ø¯ ÙƒÙ„Ù‡Ù… ÙŠÙˆÙ„ÙŠÙˆ ÙƒÙŠÙ ÙƒÙŠÙ Ø§Ù…Ø®Ø± Ø§Ù„Ø³Ø±ÙÙˆØ± Ù…Ø³ÙƒÙŠÙ† ØªÙ„Ù‚Ø§Ù‡ ÙˆØ­Ø¯Ùˆ ÙŠØ®Ø¯Ù… ÙÙ‰ ÙƒÙ„ Ø´Ù‰ Ù…ØªÙ„ÙˆÙ…ÙˆØ´ Ø¹Ù„ÙŠÙ‡Ù… Ù„ÙˆÙ…Ùˆ Ø¹Ù„Ù‰ Ø§Ù„Ù‰ ØºÙˆØ³Ùˆ Ø¨Ø§Ù„ÙÙ„ÙˆØ³ ÙˆØ§Ù„Ø¨Ø±Ø³ÙˆÙ†Ø§Ù„ Ù…ÙÙ…Ø§Ø´ ÙŠØ­Ø¨ÙˆÙ‡Ù… ÙŠØ®Ø¯Ù…Ùˆ Ø­ÙƒÙ‰ ÙˆØ­Ø±Ø§ÙŠØ±Ù‰ Ù„Ø§Ø²Ù… Ù†Ù‡Ø§Ø± Ø§Ù„Ø§Ø­Ø¯ ÙˆÙ‚Øª ØªØªØ¹Ø¨Ø§ Ø§Ù„Ù‚Ù‡ÙˆÙ‰ Ø¹Ù„Ù‰ Ø§Ù„Ø§Ù‚Ù„ ÙŠÙƒØ«Ø±Ùˆ Ù…Ù† Ø§Ù„Ø¨Ø±Ø³ÙˆÙ†Ø§Ù„ Ø¨Ø§Ø´ ØªÙˆÙ„Ù‰ Ø§Ù„Ø§Ù…ÙˆØ± Ø¨Ø§Ù‡ÙŠØ© Ø§Ù…Ø§ Ù‡Ø§Øª Ø´ÙƒÙˆÙ† ÙŠØ³Ù…Ø¹', '', ""Je confirme que le service d 500 est rapide w accueil chaleureux gauffre et pancake bnen et on n oublie pas l'I 9hawehom bnina ! Mais nhart li amalt prit dÃ©jÃ  j ai pas trop aime jus (yessser hlow) w jben hasitou kdim chway !"", '', 'Pouruoi vous n ecrivez pas en vrais francais au lieu de ce charabia', '', 'Attafi Ichrak win bithabt fil manzeh 5 ?', '']"
Mauvaise expÃ©rience lyoum fi smug's ennasr !! Men 10.45 wena ndour f nasr bech nal9a 9ahwa feha tawla fer8a .3ad mchit el smug's 11.30 w tellement fadit b9it nestana fil beb bech tefra8 tawla..ba3d rbo3 se3a fer8et tawla mchit b9it nestana f serveur yji . Je 11.50 5tart 2 brunch 9ali ok w ba3d...;"['a7sen wa7da stellina lac 1', '', 'Farroussa Bg', '', 'Bsara7a a3az petit dej f versail toooppp ğŸ˜ğŸ˜', '', ""DÃ©solÃ© mais je vois pas que c'est wow. Je trouve rien de spÃ©cial en ce petit dÃ©j. On pourrait faire mieux chez soi ğŸ˜"", '', ""Smug's Lac 1. Tayara qualitÃ© et rapiditÃ©"", '', ""Ù‡Ø§Ùƒ Ø§Ù…Ø±ÙƒÙŠØ© Smug's ?"", '', 'Ù„Ø§Ø²Ù… ØªÙ…Ø´ÙŠÙˆ Ø¨ÙƒØ±Ù‰ ÙÙ‰ Ø§ÙŠ Ù‚Ù‡ÙˆØ© Ù…Ù‡Ù…Ø§ ÙƒØ§Ù†Øª Ù†Ù‡Ø§Ø± Ø§Ù„Ø§Ø­Ø¯ ÙƒÙ„Ù‡Ù… ÙŠÙˆÙ„ÙŠÙˆ ÙƒÙŠÙ ÙƒÙŠÙ Ø§Ù…Ø®Ø± Ø§Ù„Ø³Ø±ÙÙˆØ± Ù…Ø³ÙƒÙŠÙ† ØªÙ„Ù‚Ø§Ù‡ ÙˆØ­Ø¯Ùˆ ÙŠØ®Ø¯Ù… ÙÙ‰ ÙƒÙ„ Ø´Ù‰ Ù…ØªÙ„ÙˆÙ…ÙˆØ´ Ø¹Ù„ÙŠÙ‡Ù… Ù„ÙˆÙ…Ùˆ Ø¹Ù„Ù‰ Ø§Ù„Ù‰ ØºÙˆØ³Ùˆ Ø¨Ø§Ù„ÙÙ„ÙˆØ³ ÙˆØ§Ù„Ø¨Ø±Ø³ÙˆÙ†Ø§Ù„ Ù…ÙÙ…Ø§Ø´ ÙŠØ­Ø¨ÙˆÙ‡Ù… ÙŠØ®Ø¯Ù…Ùˆ Ø­ÙƒÙ‰ ÙˆØ­Ø±Ø§ÙŠØ±Ù‰ Ù„Ø§Ø²Ù… Ù†Ù‡Ø§Ø± Ø§Ù„Ø§Ø­Ø¯ ÙˆÙ‚Øª ØªØªØ¹Ø¨Ø§ Ø§Ù„Ù‚Ù‡ÙˆÙ‰ Ø¹Ù„Ù‰ Ø§Ù„Ø§Ù‚Ù„ ÙŠÙƒØ«Ø±Ùˆ Ù…Ù† Ø§Ù„Ø¨Ø±Ø³ÙˆÙ†Ø§Ù„ Ø¨Ø§Ø´ ØªÙˆÙ„Ù‰ Ø§Ù„Ø§Ù…ÙˆØ± Ø¨Ø§Ù‡ÙŠØ© Ø§Ù…Ø§ Ù‡Ø§Øª Ø´ÙƒÙˆÙ† ÙŠØ³Ù…Ø¹', '', ""Je confirme que le service d 500 est rapide w accueil chaleureux gauffre et pancake bnen et on n oublie pas l'I 9hawehom bnina ! Mais nhart li amalt prit dÃ©jÃ  j ai pas trop aime jus (yessser hlow) w jben hasitou kdim chway !"", '', 'Pouruoi vous n ecrivez pas en vrais francais au lieu de ce charabia', '', 'Attafi Ichrak win bithabt fil manzeh 5 ?', '']"
Bnj, qui connait le proprietaire de smug's marsa ?;"['Pk', '', 'C le mÃªme proprio du Lac', '', 'Loukil pk', '', 'Yeser ihabil le proprio w sympa l9itou mara fi lac w hkina ihabil yeser sympa', '', '..', '', ""A propos, je cherche une plaque 50cm*30cm dont il y'a des petites briques blanche (faÃ§ade de smug's) la plaque se colle au mur. Je veux savoir le fournisseur. C'est trÃ¨s urgent"", '']"
Bnj, qui connait le proprietaire de smug's marsa ?;"['Pk', '', 'C le mÃªme proprio du Lac', '', 'Loukil pk', '', 'Yeser ihabil le proprio w sympa l9itou mara fi lac w hkina ihabil yeser sympa', '', '..', '', ""A propos, je cherche une plaque 50cm*30cm dont il y'a des petites briques blanche (faÃ§ade de smug's) la plaque se colle au mur. Je veux savoir le fournisseur. C'est trÃ¨s urgent"", '']"
Bsr Aman smug's win Bithabt ???;"['Merciii', '', 'M9abla midway win pharmacie du lac eli fil balass lak7el w maktoub alih bel orangÃ©', '', 'Ba7dha hÃ´tel concorde', '', ""Tfout cosmito b chwaya tal9a midway a droite, smug's juste en face :-)"", '', 'Lac 1a cÃ´tÃ© mel midway', '']"
Bsr Aman smug's win Bithabt ???;"['Merciii', '', 'M9abla midway win pharmacie du lac eli fil balass lak7el w maktoub alih bel orangÃ©', '', 'Ba7dha hÃ´tel concorde', '', ""Tfout cosmito b chwaya tal9a midway a droite, smug's juste en face :-)"", '', 'Lac 1a cÃ´tÃ© mel midway', '']"
"Bonjour Ã  tous,
Alors j'ai beau entendu parler sur ce fameux big smug's burger pizza jusqu'Ã  l'avoir goÃ»tÃ© hier. Un pur DÃ©lice !!
Prix : 22dt ( pour deux personnes )";"['Imen Mehrzi awel 7aja na3mlouhaaa !!!!', '', 'Basma Marrakchi Maha Layouni ch9awlkom feha', '', 'Anouchka Naji Ep Mhiri', '', 'Gharbi Amel', '', 'LÄ— t3ayef el kolha 3jina', '', ""mahich bnina 7atta tarif zeda , feha 3 couches de pain gras super gras mbasses barchaa bsal dorÃ© chweya viande hachÃ© w felfel 7ar mais 7aaaaaaaaaar ,le fromage qui dÃ©borde est mis juste sur les bords w mahouch bnin jemla zeda w zid nestanaw 45 minutes pour l'avoir j"", '', 'HouÃ§em Nefla Ahaya eli 7kytlk 3leha', '', '', '', 'Bilel Trabelsi Essia Guezzi ,, m i i i a m', '']"
"Bonjour Ã  tous,
Alors j'ai beau entendu parler sur ce fameux big smug's burger pizza jusqu'Ã  l'avoir goÃ»tÃ© hier. Un pur DÃ©lice !!
Prix : 22dt ( pour deux personnes )";"['Imen Mehrzi awel 7aja na3mlouhaaa !!!!', '', 'Basma Marrakchi Maha Layouni ch9awlkom feha', '', 'Anouchka Naji Ep Mhiri', '', 'Gharbi Amel', '', 'LÄ— t3ayef el kolha 3jina', '', ""mahich bnina 7atta tarif zeda , feha 3 couches de pain gras super gras mbasses barchaa bsal dorÃ© chweya viande hachÃ© w felfel 7ar mais 7aaaaaaaaaar ,le fromage qui dÃ©borde est mis juste sur les bords w mahouch bnin jemla zeda w zid nestanaw 45 minutes pour l'avoir j"", '', 'HouÃ§em Nefla Ahaya eli 7kytlk 3leha', '', '', '', 'Bilel Trabelsi Essia Guezzi ,, m i i i a m', '']"
Cc les gourmands nouvelle carte chez smug' s la marsa trÃ¨s appÃ©tissante !!! Essayez le Generous;"['ManÃ©l Zayeni', '', 'Senda Reguei', '', 'ShÃ©rif Nasrawi', '', 'Ihssen Landari', '', 'Mouna Ktari Charfi', '', ""marsa khaw ? wala fi tt les smug's"", '', 'Smugs lac Ennaser et la Marsa', '', 'Sonia Ben Laabidi', '', 'Ines ElhajAhmed', '', 'Yosr Hassen Siwar Jomni', '']"
Cc les gourmands nouvelle carte chez smug' s la marsa trÃ¨s appÃ©tissante !!! Essayez le Generous;"['ManÃ©l Zayeni', '', 'Senda Reguei', '', 'ShÃ©rif Nasrawi', '', 'Ihssen Landari', '', 'Mouna Ktari Charfi', '', ""marsa khaw ? wala fi tt les smug's"", '', 'Smugs lac Ennaser et la Marsa', '', 'Sonia Ben Laabidi', '', 'Ines ElhajAhmed', '', 'Yosr Hassen Siwar Jomni', '']"
"Pour un ptit dÃ©j qui est le meilleur
Smug's ou cÃ´tÃ© jardin";"['CÃ´tÃ© jardin', '', ""Smug's Formule Big smugs"", '', 'CÃ´tÃ© jardin', '', ""Smug's"", '', 'Bellahi fama Salon de thÃ© ta3mel Petit dej nÃ©s lkol tochker fih 7tha Carthage Land\nChnowa esmha??', '']"
"Pour un ptit dÃ©j qui est le meilleur
Smug's ou cÃ´tÃ© jardin";"['CÃ´tÃ© jardin', '', ""Smug's Formule Big smugs"", '', 'CÃ´tÃ© jardin', '', ""Smug's"", '', 'Bellahi fama Salon de thÃ© ta3mel Petit dej nÃ©s lkol tochker fih 7tha Carthage Land\nChnowa esmha??', '']"
"Smug's Nasr une adresse Ã  oublier.
1h 15min et je ne suis pas encore servi !!! Trop c'est trop.";"['Je confirme service hala', '', 'Ena mchit w mafama 7ad fergha w 93at nestana 1h hhhhh', '', 'Oui dima lezma el.attende mai mekla bnina dima n9olhom baad man3adi el commande n9olhom el karhba hatitha fi position cv pas w tawa hay fama blassa behya w nemchi n9achich min happynes parfemerie', '', 'Je confirme!', '', 'C de la merde', '', 'Ey dima hakekaaa nistana fil i3ana', '', ""Je confirme zide i3adioulik menu bil ghalite et ikolik 5aless je m'en fou"", '']"
"Smug's Nasr une adresse Ã  oublier.
1h 15min et je ne suis pas encore servi !!! Trop c'est trop.";"['Je confirme service hala', '', 'Ena mchit w mafama 7ad fergha w 93at nestana 1h hhhhh', '', 'Oui dima lezma el.attende mai mekla bnina dima n9olhom baad man3adi el commande n9olhom el karhba hatitha fi position cv pas w tawa hay fama blassa behya w nemchi n9achich min happynes parfemerie', '', 'Je confirme!', '', 'C de la merde', '', 'Ey dima hakekaaa nistana fil i3ana', '', ""Je confirme zide i3adioulik menu bil ghalite et ikolik 5aless je m'en fou"", '']"
brabi anehy khyr smug's lac ou bien smug's lmarsa pour un brunch ?? sinon si vous avez d'autres adresses Ã  me recommander;"[""Ena je te conseille b Royal bahdha marchÃ© fiha p'tit dej Ã  ne pas rater ! Fama zeda 9ahwet rania fel rond point , absolument incroyable , service ytir w en plus vue tab3a w fayadhanet"", '', ""Il y'a plein d'autre turcs fel hay je te laisse dÃ©couvrir ğŸ˜ƒ"", '', 'Lac bien sÃ»r', '', 'Super 10/10 9bila 3malet petit dÃ©jeuner', '', 'Kifkif ezouz behin mais lmarsa 5ir pask lac dima m3ebya', '', 'Cupway lac 1', '', 'Keens CafÃ© Sidi Bou Said', '', 'https://www.facebook.com/fouketCafe/', 'Fouket CafÃ©\n7 residence Venus Jardin de Carthage\n5 stars', '5 stars', '5 stars']"
brabi anehy khyr smug's lac ou bien smug's lmarsa pour un brunch ?? sinon si vous avez d'autres adresses Ã  me recommander;"[""Ena je te conseille b Royal bahdha marchÃ© fiha p'tit dej Ã  ne pas rater ! Fama zeda 9ahwet rania fel rond point , absolument incroyable , service ytir w en plus vue tab3a w fayadhanet"", '', ""Il y'a plein d'autre turcs fel hay je te laisse dÃ©couvrir ğŸ˜ƒ"", '', 'Lac bien sÃ»r', '', 'Super 10/10 9bila 3malet petit dÃ©jeuner', '', 'Kifkif ezouz behin mais lmarsa 5ir pask lac dima m3ebya', '', 'Cupway lac 1', '', 'Keens CafÃ© Sidi Bou Said', '', 'https://www.facebook.com/fouketCafe/', 'Fouket CafÃ©\n7 residence Venus Jardin de Carthage\n5 stars', '5 stars', '5 stars']"
"smug's ;)";"[""smug's pizza est a 22 dt pour 3 personnes ou 2 gourmands ;)"", '', ""c'est oÃ¹ ??"", '', 'Svp adresse ğŸ˜‹', '', 'Merci Ø³ÙˆØ³Ù† Ø¨ÙˆØ´Ù‡ÙŠÙˆØ© Ø¬Ù„ÙˆÙ„ÙŠ ğŸ˜˜â¤ï¸', '', 'Un vrai dÃ©lice surtt les pizza ğŸ‘Œ\nMouna Moon manou c Ã  cÃ´tÃ© de midwey ;)', '', 'Baboucha merci habibi ğŸ˜˜', '', 'lac 1 ba7dhe hÃ´tel concorde ;)', '', ""j'ai essayÃ©, la pizza Ã  22 dt, 2Ã¨me gratuite, ce menu est au moins pour 6 personnes croyez moi"", '']"
"smug's ;)";"[""smug's pizza est a 22 dt pour 3 personnes ou 2 gourmands ;)"", '', ""c'est oÃ¹ ??"", '', 'Svp adresse ğŸ˜‹', '', 'Merci Ø³ÙˆØ³Ù† Ø¨ÙˆØ´Ù‡ÙŠÙˆØ© Ø¬Ù„ÙˆÙ„ÙŠ ğŸ˜˜â¤ï¸', '', 'Un vrai dÃ©lice surtt les pizza ğŸ‘Œ\nMouna Moon manou c Ã  cÃ´tÃ© de midwey ;)', '', 'Baboucha merci habibi ğŸ˜˜', '', 'lac 1 ba7dhe hÃ´tel concorde ;)', '', ""j'ai essayÃ©, la pizza Ã  22 dt, 2Ã¨me gratuite, ce menu est au moins pour 6 personnes croyez moi"", '']"
"J'ai mangÃ© pour vous big smug's chez smug's ennasr ""manther akahw "" ğŸ˜ğŸ˜ğŸ˜ğŸ˜";['ena jetni intoxication minou', '', 'Exactement !', '', 'Prix!', '', 'Je confirme :(', '', 'Anis Maz', '', 'Mouch khayba w louch tayyara', '', 'rien n est bon Ã  smug,tout est super fade', '', 'dans leur petit dej ils servent de la margarine,beurk', '', 'Se3a bniiin ale5er peut etre el pÃ¢te ma 3ejbetekch kima Pizza Hut', '', 'J en ai goÃ»tÃ© fi lac , i9wiya mouch mil binna c industrielle, ki rawa7ana birdit wallet plastique 7acha ni3mit rabbi', '']
"J'ai mangÃ© pour vous big smug's chez smug's ennasr ""manther akahw "" ğŸ˜ğŸ˜ğŸ˜ğŸ˜";['ena jetni intoxication minou', '', 'Exactement !', '', 'Prix!', '', 'Je confirme :(', '', 'Anis Maz', '', 'Mouch khayba w louch tayyara', '', 'rien n est bon Ã  smug,tout est super fade', '', 'dans leur petit dej ils servent de la margarine,beurk', '', 'Se3a bniiin ale5er peut etre el pÃ¢te ma 3ejbetekch kima Pizza Hut', '', 'J en ai goÃ»tÃ© fi lac , i9wiya mouch mil binna c industrielle, ki rawa7ana birdit wallet plastique 7acha ni3mit rabbi', '']
Petit dÃ©jeuner Zone lac 1 bi 5laf smug's w la Croisette;['Stellina... Parfait 22d pr deux personne service b1 tt est bon', '']
Petit dÃ©jeuner Zone lac 1 bi 5laf smug's w la Croisette;['Stellina... Parfait 22d pr deux personne service b1 tt est bon', '']
TrÃ¨s bon plan pour un petit dÃ©jeuner Ã  4.5 DT chez smug's avec un EXCELLENT rapport qualitÃ© prix ğŸ‘ğŸ‘;['Nesrine Turky', '', 'Nawel Farah nemchiou ğŸ˜', '', 'Emna Chakroun jdida atheya !!', '', 'Yes tse3dek theb lmelaah aa sbeh', '', 'Chiraz Soltani', '', 'Hhhh chouf chouf Mariem Melki Kimo Omri', '', 'matfakrounich hhhhhhhhhhhhhhhhh', '', 'rodou belkom temchiou mekla 000000000 hhhhhhhhhhh', '', 'Nassim Hajer Dina Bader', '', 'Dorra Khaled Kridis', '']
TrÃ¨s bon plan pour un petit dÃ©jeuner Ã  4.5 DT chez smug's avec un EXCELLENT rapport qualitÃ© prix ğŸ‘ğŸ‘;['Nesrine Turky', '', 'Nawel Farah nemchiou ğŸ˜', '', 'Emna Chakroun jdida atheya !!', '', 'Yes tse3dek theb lmelaah aa sbeh', '', 'Chiraz Soltani', '', 'Hhhh chouf chouf Mariem Melki Kimo Omri', '', 'matfakrounich hhhhhhhhhhhhhhhhh', '', 'rodou belkom temchiou mekla 000000000 hhhhhhhhhhh', '', 'Nassim Hajer Dina Bader', '', 'Dorra Khaled Kridis', '']
"Ompv 2 brucnhs au smugâ€™s lac1
1 gernerous pour 2 personnes super bon
1 mighty morning sucrÃ©/salÃ© au top que je note9/10 ,tres bon service et ambiance agreable.";"['Iman Askar', '', 'AnGÃ©l AmOÃ¹nÃ  ychahi ğŸ˜£ğŸ˜•', '', 'Ahmed Jrd chbini mamchitich', '', 'Landoulsi cho :o', '', ""wallah tbarkallah c'est top...el7adher ywassel lel ghayeb..inchallah kima malmoumin fel 5ir..wenchallah dima teklou fi 7ajet bnina pour nous"", '', 'SarrÃ  AyÃ Ã dÃ® & Yosr Turki Rassaa', '', 'Med Amine Kobbi', '', 'Radhouane Riahi', '', 'Maam Sridi le voila', '', 'Khaled Boubakri', '']"
"Ompv 2 brucnhs au smugâ€™s lac1
1 gernerous pour 2 personnes super bon
1 mighty morning sucrÃ©/salÃ© au top que je note9/10 ,tres bon service et ambiance agreable.";"['Iman Askar', '', 'AnGÃ©l AmOÃ¹nÃ  ychahi ğŸ˜£ğŸ˜•', '', 'Ahmed Jrd chbini mamchitich', '', 'Landoulsi cho :o', '', ""wallah tbarkallah c'est top...el7adher ywassel lel ghayeb..inchallah kima malmoumin fel 5ir..wenchallah dima teklou fi 7ajet bnina pour nous"", '', 'SarrÃ  AyÃ Ã dÃ® & Yosr Turki Rassaa', '', 'Med Amine Kobbi', '', 'Radhouane Riahi', '', 'Maam Sridi le voila', '', 'Khaled Boubakri', '']"
Hello mouledkom mabrouk w snin deyma. OMPV un petit dÃ©jeuner/brunch Ã  Smug's lac 1 super bon, accueil chaleureux, service rapide, personnel sympathique, j'ai pris un brunch Ã  14dt500: cafÃ© noisettes,jus de fraise et framboises, Pancake Nutella, croissant salÃ©(omelette et jambon ),tomate...;"['Ahmed Zouaoui chnwa rayk', '', 'Fadwa Dhraief Dhraief Feten Jrad Rabeb aya kifeh ??', '', 'Roua Ben Hassine Ayari', '', 'Chayma Chhidi', '', 'saha', '', 'Joujou Ba', '', 'Saoussen Belkhiria ???', '', ""ama eli msawret'hom inti 4 brunch! ama rÃ©ellement hedha eli b 14dt500 ğŸ˜‘"", '', 'sa7a faut il reserver ?', '', 'Syrine El Ã‰chi', '']"
Hello mouledkom mabrouk w snin deyma. OMPV un petit dÃ©jeuner/brunch Ã  Smug's lac 1 super bon, accueil chaleureux, service rapide, personnel sympathique, j'ai pris un brunch Ã  14dt500: cafÃ© noisettes,jus de fraise et framboises, Pancake Nutella, croissant salÃ©(omelette et jambon ),tomate...;"['Ahmed Zouaoui chnwa rayk', '', 'Fadwa Dhraief Dhraief Feten Jrad Rabeb aya kifeh ??', '', 'Roua Ben Hassine Ayari', '', 'Chayma Chhidi', '', 'saha', '', 'Joujou Ba', '', 'Saoussen Belkhiria ???', '', ""ama eli msawret'hom inti 4 brunch! ama rÃ©ellement hedha eli b 14dt500 ğŸ˜‘"", '', 'sa7a faut il reserver ?', '', 'Syrine El Ã‰chi', '']"
brunch Ã  19dt;"['Tnajem enti te5o l cafÃ¨ par exple weli m3ak jus sauf si ken tt les deux thebo cafe w jus ensemble alors wa9tha tzid', '', 'ok merci beaucoup', '', 'Amine Kefi de rien ğŸ˜Š', '', 'ou Ã§a?', '', 'Sihema Karoui wa9teh nemchiw', '', 'Amel Dorai & Meriam Messaoui ğŸ˜¢', '', '', '', 'Ramzi Ben Tahar', '', ""smug's awel ma7alet ta7founa mais mba3ed ma3adech te3jebni cheesecake t9oul men 3am el 7arb ka3bt el oreo beyta w el panini mafih chay special."", '', 'Emna Ourabi', '']"
brunch Ã  19dt;"['Tnajem enti te5o l cafÃ¨ par exple weli m3ak jus sauf si ken tt les deux thebo cafe w jus ensemble alors wa9tha tzid', '', 'ok merci beaucoup', '', 'Amine Kefi de rien ğŸ˜Š', '', 'ou Ã§a?', '', 'Sihema Karoui wa9teh nemchiw', '', 'Amel Dorai & Meriam Messaoui ğŸ˜¢', '', '', '', 'Ramzi Ben Tahar', '', ""smug's awel ma7alet ta7founa mais mba3ed ma3adech te3jebni cheesecake t9oul men 3am el 7arb ka3bt el oreo beyta w el panini mafih chay special."", '', 'Emna Ourabi', '']"
"H e l l o ,
Un endroit ou bruncher entre la marsa / sidi bou SaÃ¯d / Carthage .";"[""Smug's a l'entrÃ©e de La marsa sur la droite"", '']"
"H e l l o ,
Un endroit ou bruncher entre la marsa / sidi bou SaÃ¯d / Carthage .";"[""Smug's a l'entrÃ©e de La marsa sur la droite"", '']"
"Un petit dej nul chez smug's la marsa
La nourriture Ã©tait froide qui n'a aucun goÃ»t.
Rien n'Ã©tait bon..
Toast (non grillÃ©) , patatos froides et trop huilÃ©es
Le bacon de boeuf alors lÃ  YÃˆBES
Mal9it manekel a part les sauces ğŸ˜‘";"['Deja ki tchoufou bark ma ychahich (prÃ©sentation mech hlowa)', '', 'Je confirme pr Smugs la marsa, j y ai ete Ã  2 reprises et tt y etait pas bon malhrureusement et je pensais que c Ã©tait tte la chaÃ®ne qui Ã©tait comme Ã§a! ğŸ¤”ğŸ™', '', 'C grave le truc nte3 les ptits dej froids :o noftrou f dar khir wala -_-', '', 'Je confirme', '', 'ğŸ˜…ğŸ˜…ğŸ˜…ğŸ˜…', '', 'Hhhhhh hetha petit dej ğŸ˜‚ğŸ˜‚ thaher min manther plat yesser bnin saha', '', 'Ye5i kif wehed yensa7kom bi blasa lwech ma temchiwilhech???+', '', ""petit dej smug's manajim n9oul 3lih ken 7aja wahda 7acha ni3met rabbi ndimit nidimit ili mchitttt !!"", '']"
"Un petit dej nul chez smug's la marsa
La nourriture Ã©tait froide qui n'a aucun goÃ»t.
Rien n'Ã©tait bon..
Toast (non grillÃ©) , patatos froides et trop huilÃ©es
Le bacon de boeuf alors lÃ  YÃˆBES
Mal9it manekel a part les sauces ğŸ˜‘";"['Deja ki tchoufou bark ma ychahich (prÃ©sentation mech hlowa)', '', 'Je confirme pr Smugs la marsa, j y ai ete Ã  2 reprises et tt y etait pas bon malhrureusement et je pensais que c Ã©tait tte la chaÃ®ne qui Ã©tait comme Ã§a! ğŸ¤”ğŸ™', '', 'C grave le truc nte3 les ptits dej froids :o noftrou f dar khir wala -_-', '', 'Je confirme', '', 'ğŸ˜…ğŸ˜…ğŸ˜…ğŸ˜…', '', 'Hhhhhh hetha petit dej ğŸ˜‚ğŸ˜‚ thaher min manther plat yesser bnin saha', '', 'Ye5i kif wehed yensa7kom bi blasa lwech ma temchiwilhech???+', '', ""petit dej smug's manajim n9oul 3lih ken 7aja wahda 7acha ni3met rabbi ndimit nidimit ili mchitttt !!"", '']"
Moi qui suit une grande fan de brunch/petits dÃ©jeuners ,j'ai du mal Ã  Ãªtre satisfaite Ã  Tunis.Il y a toujours quelque chose qui manque ou alors je suis gÃ©nÃ©ralement dÃ©Ã§ue du cÃ´tÃ© rapport qualitÃ©/prix! AprÃ¨s avoir essayÃ© les deux nouvelles formules au smug's avec ma maman ,on a Ã©tÃ© trÃ¨s surprises!...;"['Bsr quels sont les prix svp', '', ""ØµØ­Ø§ les prix svp smug's Ø§Ù„Ù…Ø±Ø³Ù‰ØŸ"", '', 'Yacine Blidi', '', 'AmÃ ni AGrebi vendredi', '']"
Moi qui suit une grande fan de brunch/petits dÃ©jeuners ,j'ai du mal Ã  Ãªtre satisfaite Ã  Tunis.Il y a toujours quelque chose qui manque ou alors je suis gÃ©nÃ©ralement dÃ©Ã§ue du cÃ´tÃ© rapport qualitÃ©/prix! AprÃ¨s avoir essayÃ© les deux nouvelles formules au smug's avec ma maman ,on a Ã©tÃ© trÃ¨s surprises!...;"['Bsr quels sont les prix svp', '', ""ØµØ­Ø§ les prix svp smug's Ø§Ù„Ù…Ø±Ø³Ù‰ØŸ"", '', 'Yacine Blidi', '', 'AmÃ ni AGrebi vendredi', '']"
"OAMPV de dÃ©licieux hamburgers (diffÃ©rentes variÃ©tÃ©s de burgers ""buffalo, 4 cheeses, et chicken""), une smug's pizza (que je vous laisserai dÃ©couvrir par vous mÃªme! ) :p ainsi qu'une salade aussi saine, copieuse que gourmande, mÃªme trÃ¨s gourmande (salade au poulet grillÃ©)
Et pour couronner le...";"[""Seifeddine Ben Saad smuuuuuug's :p"", '', ""Smug's est au lac juste en face de Midway"", '', ""Au lac 1 Amoula Ammoula et Manel Jouiri, C juste la ruelle qui est en face de l'HOTEL le CONCORDE, quand vous y serez, vous la trouverez juste sur votre droite (et elle est juste en face de Midway)"", '', 'Sahha sahha ...chahhitouni ğŸ˜ŸğŸ˜Ÿ', '', 'ya3tiik essa7a Khaoula It was delicious! marra jeya on ira ensemble ;)', '', 'Prix svp', '', ""Les prix sont trÃ¨s honnÃªtes par rapport Ã  la qualitÃ© et la quantitiÃ© (hamburgers entre 8.5 et 15 (cela dÃ©pend de ce que tu vas choisir), pour la smug's pizza elle est Ã  16.5 (pour deux personnes), les warm drinks sont entre (3 et 5 dt), en ce qui concerne les cheesecakes et les cup-cake j'ai pas vraiment fait attention (mais je pense que c entre les 5 et 6dt)"", '', ""salut' merci pr l'info mais ou?"", '', 'C mentionnÃ© dans les commentaires Beya Cherif (lac 1)', '', ""Hass Fass voila ce qui t'attend :*"", '']"
"OAMPV de dÃ©licieux hamburgers (diffÃ©rentes variÃ©tÃ©s de burgers ""buffalo, 4 cheeses, et chicken""), une smug's pizza (que je vous laisserai dÃ©couvrir par vous mÃªme! ) :p ainsi qu'une salade aussi saine, copieuse que gourmande, mÃªme trÃ¨s gourmande (salade au poulet grillÃ©)
Et pour couronner le...";"[""Seifeddine Ben Saad smuuuuuug's :p"", '', ""Smug's est au lac juste en face de Midway"", '', ""Au lac 1 Amoula Ammoula et Manel Jouiri, C juste la ruelle qui est en face de l'HOTEL le CONCORDE, quand vous y serez, vous la trouverez juste sur votre droite (et elle est juste en face de Midway)"", '', 'Sahha sahha ...chahhitouni ğŸ˜ŸğŸ˜Ÿ', '', 'ya3tiik essa7a Khaoula It was delicious! marra jeya on ira ensemble ;)', '', 'Prix svp', '', ""Les prix sont trÃ¨s honnÃªtes par rapport Ã  la qualitÃ© et la quantitiÃ© (hamburgers entre 8.5 et 15 (cela dÃ©pend de ce que tu vas choisir), pour la smug's pizza elle est Ã  16.5 (pour deux personnes), les warm drinks sont entre (3 et 5 dt), en ce qui concerne les cheesecakes et les cup-cake j'ai pas vraiment fait attention (mais je pense que c entre les 5 et 6dt)"", '', ""salut' merci pr l'info mais ou?"", '', 'C mentionnÃ© dans les commentaires Beya Cherif (lac 1)', '', ""Hass Fass voila ce qui t'attend :*"", '']"
"ØµØ­Ø© ÙØ·ÙˆØ±ÙƒÙ…
Barchaa benna ğŸ˜ƒğŸ˜";"['Nahoula Soltani', '', 'bourjoulia echahi', '', 'Imen Kotti', '', ""Emna Hamdi Nir Ina Ben Rebah NÃ©R' MÃŒne"", '', 'klitha ama thisha min drkhil cheygaa', '', 'Hela Memmi', '', 'Prix ?', '', '22d', '', '@Fourat Naoui', '', ""mahich bnina 7atta tarif zeda , feha 3 couches de pain gras super gras mbasses barchaa bsal dorÃ© chweya viande hachÃ© w felfel 7ar mais 7aaaaaaaaaar ,le fromage qui dÃ©borde est mis juste sur les bords w mahouch bnin jemla zeda w zid nestanaw 45 minutes pour l'avoir j"", '']"
"ØµØ­Ø© ÙØ·ÙˆØ±ÙƒÙ…
Barchaa benna ğŸ˜ƒğŸ˜";"['Nahoula Soltani', '', 'bourjoulia echahi', '', 'Imen Kotti', '', ""Emna Hamdi Nir Ina Ben Rebah NÃ©R' MÃŒne"", '', 'klitha ama thisha min drkhil cheygaa', '', 'Hela Memmi', '', 'Prix ?', '', '22d', '', '@Fourat Naoui', '', ""mahich bnina 7atta tarif zeda , feha 3 couches de pain gras super gras mbasses barchaa bsal dorÃ© chweya viande hachÃ© w felfel 7ar mais 7aaaaaaaaaar ,le fromage qui dÃ©borde est mis juste sur les bords w mahouch bnin jemla zeda w zid nestanaw 45 minutes pour l'avoir j"", '']"
Bsr :) qui peut me donner des idÃ©es concernant les prix chez smug's ??;['beans& co 5ir. les milkshake w chocolat chaud matal9ash ta7t 6dt', '', 'Mer6 ^&', '']
Bsr :) qui peut me donner des idÃ©es concernant les prix chez smug's ??;['beans& co 5ir. les milkshake w chocolat chaud matal9ash ta7t 6dt', '', 'Mer6 ^&', '']
Brabbi shkoun yaatini l'adresse exacte de smug's la marsa et mercii :);['', '', 'Wenti mechi fel marsa rond point sidi bou hiya 9ablou a gauche m9abla cosmitto', '', 'Presque en face de cosmitto w 9bal Ã‰ric ..', '']
Brabbi shkoun yaatini l'adresse exacte de smug's la marsa et mercii :);['', '', 'Wenti mechi fel marsa rond point sidi bou hiya 9ablou a gauche m9abla cosmitto', '', 'Presque en face de cosmitto w 9bal Ã‰ric ..', '']
Un vrai dÃ©lice;"[""C'est quoi Ã§a ? ğŸ˜›"", '', 'ğŸ˜', '', 'JawÃ©her c le pizza burger et le mojito', '', 'Sa7a alik andek tel w mefte7 karhba :D', '', 'Hhhhhhhhh merciii Haithem', '', 'smug naser fin ?', '', 'Fiat punto ?', '', 'Merci', '', 'La clÃ© fiat et le portable c dans le menu?', '']"
Un vrai dÃ©lice;"[""C'est quoi Ã§a ? ğŸ˜›"", '', 'ğŸ˜', '', 'JawÃ©her c le pizza burger et le mojito', '', 'Sa7a alik andek tel w mefte7 karhba :D', '', 'Hhhhhhhhh merciii Haithem', '', 'smug naser fin ?', '', 'Fiat punto ?', '', 'Merci', '', 'La clÃ© fiat et le portable c dans le menu?', '']"
"Ø¨Ù†Ø© Ø¹Ø¨Ù†Ø© ...
C'est parfait";['Ce menu est nouveau chez smugd?', '', 'ÙˆÙŠÙ† Ø¨Ø§Ù„Ø¸Ø¨Ø· Ø§Ù„Ø¨Ù„Ø§ØµØ©', '', 'Prix des deux plats ?', '', 'Ye5i 3leh mech kol we7ed yhabet haja ya3tini y7ot laswem w el blasa wala matjich :/', '', 'Sahar Gouider, Chaouch Ons', '', 'Ø²Ø¹Ù…Ø© Ø¹Ù†Ø¯Ù‡Ù… Ù…Ù†Ù‡ ÙÙŠ Ø§Ù„Ù†ØµØ±ØŸ', '', 'Chnowa ismou le menu ?', '']
"Ø¨Ù†Ø© Ø¹Ø¨Ù†Ø© ...
C'est parfait";['Ce menu est nouveau chez smugd?', '', 'ÙˆÙŠÙ† Ø¨Ø§Ù„Ø¸Ø¨Ø· Ø§Ù„Ø¨Ù„Ø§ØµØ©', '', 'Prix des deux plats ?', '', 'Ye5i 3leh mech kol we7ed yhabet haja ya3tini y7ot laswem w el blasa wala matjich :/', '', 'Sahar Gouider, Chaouch Ons', '', 'Ø²Ø¹Ù…Ø© Ø¹Ù†Ø¯Ù‡Ù… Ù…Ù†Ù‡ ÙÙŠ Ø§Ù„Ù†ØµØ±ØŸ', '', 'Chnowa ismou le menu ?', '']
Un vrai rÃ©gal;"['Khaoula El Mehdi w a7na wa9tech', '', 'Maroua Ben Tliba', '', 'Noura Ouafi 9oul el fatma', '', 'Khansa Gharbi', '', 'Abir Farhani ya 5ayna :o', '', 'Marwa BenTili Ep BenGhorbel', '', 'Miryam Daoud Ã‰pouse Marrakchi', '', 'Islem Ayari', '', ""Chifee B'abdesslem"", '', ""mahich bnina 7atta tarif zeda , feha 3 couches de pain gras super gras mbasses barchaa bsal dorÃ© chweya viande hachÃ© w felfel 7ar mais 7aaaaaaaaaar ,le fromage qui dÃ©borde est mis juste sur les bords w mahouch bnin jemla zeda w zid nestanaw 45 minutes pour l'avoir"", '']"
Un vrai rÃ©gal;"['Khaoula El Mehdi w a7na wa9tech', '', 'Maroua Ben Tliba', '', 'Noura Ouafi 9oul el fatma', '', 'Khansa Gharbi', '', 'Abir Farhani ya 5ayna :o', '', 'Marwa BenTili Ep BenGhorbel', '', 'Miryam Daoud Ã‰pouse Marrakchi', '', 'Islem Ayari', '', ""Chifee B'abdesslem"", '', ""mahich bnina 7atta tarif zeda , feha 3 couches de pain gras super gras mbasses barchaa bsal dorÃ© chweya viande hachÃ© w felfel 7ar mais 7aaaaaaaaaar ,le fromage qui dÃ©borde est mis juste sur les bords w mahouch bnin jemla zeda w zid nestanaw 45 minutes pour l'avoir"", '']"
billehy bkadech petit dej 2 personnes f SMUG'S ! w j aimerais bien avoir une idÃ©e donc n'hÃ©sitez pas Ã  partager des photos! merciiiiii <3;['', '', '30dt', '', '', '']
billehy bkadech petit dej 2 personnes f SMUG'S ! w j aimerais bien avoir une idÃ©e donc n'hÃ©sitez pas Ã  partager des photos! merciiiiii <3;['', '', '30dt', '', '', '']
Bonsoir, meilleurs petits dÃ©j rapport qualitÃ© prix cotÃ© banlieue nord (Ã  part the hills/smug's);['fly lac 2', '', 'CotÃ© jardin menu 25dt pour 2 personnes. The best', '', 'Merci OÃ¹ exactement svp?', '', 'CotÃ© jardin lac 2 ou cost le brunch du week-end', '', 'Cote jardin vue 7lowa ma fammech mais je te garantie tout le reste', '', '', '']
Bonsoir, meilleurs petits dÃ©j rapport qualitÃ© prix cotÃ© banlieue nord (Ã  part the hills/smug's);['fly lac 2', '', 'CotÃ© jardin menu 25dt pour 2 personnes. The best', '', 'Merci OÃ¹ exactement svp?', '', 'CotÃ© jardin lac 2 ou cost le brunch du week-end', '', 'Cote jardin vue 7lowa ma fammech mais je te garantie tout le reste', '', '', '']
OMPV ce soir une pizza de chez Smug's (22dt). C une pizza spÃ©ciale, genre double pÃ¢te, garnie avec de la viande hachÃ©e, fromage et sauce tomate. DÃ¨s la premiÃ¨re bouchÃ© on a senti qq chose d'acide qui dÃ©range bcp. Bref c pas bon du tt on Ã©tait trÃ¨s dÃ©Ã§u, en tt cas l'aspect est beau mais le goÃ»t du tt.;"[""Personnellement je n'ai jamais mangÃ© d'aussi bon!"", '', 'Peut Ãªtre bezharna lmara hedhi jet 5ayba en tt cas je devais informer. Au moins pour faire attention la prochaine fois ğŸ˜Š', '', 'Wlh klit 3andhom crÃ©pe el pate naya feha ken frommage bnin ...', '', ""Au smugs la qualitÃ© n'est pas du tout constante malheureusement..."", '', ""Il ya une grande diffÃ©rence entre smug's nasser et lac ! Service catastrophique et nul auLac !!!!"", '', ""Je confirme que meme un simple cafÃ© frappÃ© (frappucino) Ã©tait une dÃ©ception ds ce smug's . Trop de bulles .. trop sucrÃ© arome fade et glaÃ§ons en granules non mixÃ©es qui bouche la paille :/"", '', 'Je vous propose ehemi adamos menzeh 6 vraiment ce dÃ©licieux', '', ""MÃªme les sandwichs 5aybin ena ki klit 3andhom j'ai eu une infection intestinale !"", '', ""j'ai essayÃ© ce club sandwich Ã  smug's et c'Ã©tait trooop acide aussi !!!"", '', ""et c'est cher aussi je trouve ! :/"", '']"
OMPV ce soir une pizza de chez Smug's (22dt). C une pizza spÃ©ciale, genre double pÃ¢te, garnie avec de la viande hachÃ©e, fromage et sauce tomate. DÃ¨s la premiÃ¨re bouchÃ© on a senti qq chose d'acide qui dÃ©range bcp. Bref c pas bon du tt on Ã©tait trÃ¨s dÃ©Ã§u, en tt cas l'aspect est beau mais le goÃ»t du tt.;"[""Personnellement je n'ai jamais mangÃ© d'aussi bon!"", '', 'Peut Ãªtre bezharna lmara hedhi jet 5ayba en tt cas je devais informer. Au moins pour faire attention la prochaine fois ğŸ˜Š', '', 'Wlh klit 3andhom crÃ©pe el pate naya feha ken frommage bnin ...', '', ""Au smugs la qualitÃ© n'est pas du tout constante malheureusement..."", '', ""Il ya une grande diffÃ©rence entre smug's nasser et lac ! Service catastrophique et nul auLac !!!!"", '', ""Je confirme que meme un simple cafÃ© frappÃ© (frappucino) Ã©tait une dÃ©ception ds ce smug's . Trop de bulles .. trop sucrÃ© arome fade et glaÃ§ons en granules non mixÃ©es qui bouche la paille :/"", '', 'Je vous propose ehemi adamos menzeh 6 vraiment ce dÃ©licieux', '', ""MÃªme les sandwichs 5aybin ena ki klit 3andhom j'ai eu une infection intestinale !"", '', ""j'ai essayÃ© ce club sandwich Ã  smug's et c'Ã©tait trooop acide aussi !!!"", '', ""et c'est cher aussi je trouve ! :/"", '']"
Mmmm un dÃ©lice;['C ou exactmn svp', '', 'lac 1', '', 'Merciii :*', '', 'Quels sont les prix svp ?', '', 'PRIX??', '']
Mmmm un dÃ©lice;['C ou exactmn svp', '', 'lac 1', '', 'Merciii :*', '', 'Quels sont les prix svp ?', '', 'PRIX??', '']
"Smug's
Big dady burger 14,900 dt
classic burger 12,000 dt
pizza 4 fromage 17,000 dt";['Anissa Hager Zbiss', '', 'Ri Ma ğŸ˜ğŸ˜ğŸ˜ğŸ˜', '', 'Nadia Bentaher', '', '12 d bnin wichaba3', '', 'Dhaher fih ebnnninnn', '', 'Arwa Azouzi w Marwa Battikh', '']
"Smug's
Big dady burger 14,900 dt
classic burger 12,000 dt
pizza 4 fromage 17,000 dt";['Anissa Hager Zbiss', '', 'Ri Ma ğŸ˜ğŸ˜ğŸ˜ğŸ˜', '', 'Nadia Bentaher', '', '12 d bnin wichaba3', '', 'Dhaher fih ebnnninnn', '', 'Arwa Azouzi w Marwa Battikh', '']
"Les produits de smugs toujours en top
10/10";['Tochrob wahdekkk ğŸ¤”ğŸ¤”ğŸ¤”', '', 'frr jibli m3ak lundi', '', 'Ø§Ù‡ÙˆÙƒØ© Ø¯Ø²ÙŠØª Ø¬Ø§Ù… Ù„Ù…Ø±Ø© Ø§Ù„Ø¬Ø§ÙŠØ§ Ù†Ø°ÙˆÙ‚ D:', '', 'Dhia Eddine Touir', '', '9awthoum bnina barcha', '', 'Siwar MY', '', 'Le meilleur jus de kiwi chez @smugs', '']
"Les produits de smugs toujours en top
10/10";['Tochrob wahdekkk ğŸ¤”ğŸ¤”ğŸ¤”', '', 'frr jibli m3ak lundi', '', 'Ø§Ù‡ÙˆÙƒØ© Ø¯Ø²ÙŠØª Ø¬Ø§Ù… Ù„Ù…Ø±Ø© Ø§Ù„Ø¬Ø§ÙŠØ§ Ù†Ø°ÙˆÙ‚ D:', '', 'Dhia Eddine Touir', '', '9awthoum bnina barcha', '', 'Siwar MY', '', 'Le meilleur jus de kiwi chez @smugs', '']
Ompv au smugs la marsa un excellent petit d j, brunch, dejeuner appelez le comme vous voulez mais c'Ã©tait hyper bon avec un personnel trÃ¨s accueillant! Je vous recommande le menu The Generous pour 2 et mÃªme 3 personnes a 29.900 ğŸ‘Œ;['je confirme <3 magnifique', '', 'ØµØ­Ù‡ Ù…Ø¯Ø§Ù… :* Ø§Ù…Ø§ prÃ©sentation ØªØ¹ Ø¨ØªÙŠ Ø¯Ø§Ø¬ Ù…Ø´ Ø­Ù„ÙˆØ© ÙƒÙ„ Ø´Ø¦ ÙÙŠ ØµØ­Ù† ÙˆØ§Ø­Ø¯ Ù…Ø®Ù„Ø· Ù…Ù„Ø¨Ø² Ø¹Ù„Ù‰ Ø¨Ø¹Ø¶Ùˆ Ù…ÙŠØ´Ù‡ÙŠØ´ Ø¨Ø´ ØªØ§ÙƒÙ„ :/', '', 'Hlow w mala7 kifech? ifrez w bara', '', 'non non pas du tt mouch m5altine !! c vrai ds le mem plat mais mnadhma !', '', 'Salma Cyrina', '', 'Non bnina barcha et prÃ©sentation vintage moderne', '', '', '', 'abir mani', '', 'Jawedi Maha', '']
Ompv au smugs la marsa un excellent petit d j, brunch, dejeuner appelez le comme vous voulez mais c'Ã©tait hyper bon avec un personnel trÃ¨s accueillant! Je vous recommande le menu The Generous pour 2 et mÃªme 3 personnes a 29.900 ğŸ‘Œ;['je confirme <3 magnifique', '', 'ØµØ­Ù‡ Ù…Ø¯Ø§Ù… :* Ø§Ù…Ø§ prÃ©sentation ØªØ¹ Ø¨ØªÙŠ Ø¯Ø§Ø¬ Ù…Ø´ Ø­Ù„ÙˆØ© ÙƒÙ„ Ø´Ø¦ ÙÙŠ ØµØ­Ù† ÙˆØ§Ø­Ø¯ Ù…Ø®Ù„Ø· Ù…Ù„Ø¨Ø² Ø¹Ù„Ù‰ Ø¨Ø¹Ø¶Ùˆ Ù…ÙŠØ´Ù‡ÙŠØ´ Ø¨Ø´ ØªØ§ÙƒÙ„ :/', '', 'Hlow w mala7 kifech? ifrez w bara', '', 'non non pas du tt mouch m5altine !! c vrai ds le mem plat mais mnadhma !', '', 'Salma Cyrina', '', 'Non bnina barcha et prÃ©sentation vintage moderne', '', '', '', 'abir mani', '', 'Jawedi Maha', '']
"OMPV @ smug's le lac des excellentes Gauffres; croustillantes Ã  l'extÃ©rieur et moelleuses Ã  l'intÃ©rieur. ..une tuerie...ğŸ˜Š
Bon samedi soir Ã  toutes et Ã  tous ğŸ˜€
Prix 8,500ğŸ’•";"[""J'en veux une maintenant ğŸ˜ğŸ˜ tu sais Ã§a ferme Ã  quelle heure :p ?"", '', ""J'y suis encore normalement vers 01h fermera les samedis"", '', 'Mayssa El Alem', '']"
"OMPV @ smug's le lac des excellentes Gauffres; croustillantes Ã  l'extÃ©rieur et moelleuses Ã  l'intÃ©rieur. ..une tuerie...ğŸ˜Š
Bon samedi soir Ã  toutes et Ã  tous ğŸ˜€
Prix 8,500ğŸ’•";"[""J'en veux une maintenant ğŸ˜ğŸ˜ tu sais Ã§a ferme Ã  quelle heure :p ?"", '', ""J'y suis encore normalement vers 01h fermera les samedis"", '', 'Mayssa El Alem', '']"
On Ã  manger pour vous un excellent sandwich :The famous beef : lamelles de boeuf grillees ,ognion, et en dessert la fameuse creamy sauce crepe nutellaâ¤ï¸â¤ï¸â¤ï¸ vraiment je vous recommande les yeux fermer un vrai dÃ©lice,en plus un dÃ©co trÃ¨s sympathique avec des personnels trop accueillant et une ambiance au top...bravo ğŸ˜˜ğŸ˜˜;['px sandwich svp', '', 'Sonia Ben Mahmoud BenGhorbel', '', 'Prix crÃªpe foufa', '', '8500ğŸ˜˜ maryoumaaa', '', 'Vous Ãªtes sure du beef?', '']
On Ã  manger pour vous un excellent sandwich :The famous beef : lamelles de boeuf grillees ,ognion, et en dessert la fameuse creamy sauce crepe nutellaâ¤ï¸â¤ï¸â¤ï¸ vraiment je vous recommande les yeux fermer un vrai dÃ©lice,en plus un dÃ©co trÃ¨s sympathique avec des personnels trop accueillant et une ambiance au top...bravo ğŸ˜˜ğŸ˜˜;['px sandwich svp', '', 'Sonia Ben Mahmoud BenGhorbel', '', 'Prix crÃªpe foufa', '', '8500ğŸ˜˜ maryoumaaa', '', 'Vous Ãªtes sure du beef?', '']
J'ai mangÃ© une crÃªpe salÃ© jambon fromage, trÃ¨s dÃ©licieuse ğŸ˜ chez smug's lac 1;['Wena win :/', '', 'Jambon Ã  Ã©viter c pas bon pour la santÃ©', '', 'Jarrreb crepe mtaa ci gusta lac2 w tfakarni', '']
J'ai mangÃ© une crÃªpe salÃ© jambon fromage, trÃ¨s dÃ©licieuse ğŸ˜ chez smug's lac 1;['Wena win :/', '', 'Jambon Ã  Ã©viter c pas bon pour la santÃ©', '', 'Jarrreb crepe mtaa ci gusta lac2 w tfakarni', '']
On a amoureusement mangÃ© pour vous â¤â¤â¤;['Nabil Souissi', '', 'Rawand Zekri', '']
On a amoureusement mangÃ© pour vous â¤â¤â¤;['Nabil Souissi', '', 'Rawand Zekri', '']
Brabi chnouwa raykom fel p'tit dej de Smug's la marsa ??;['Hezni m3akkk ğŸ˜­ğŸ˜­ğŸ˜­ğŸ˜­ğŸ˜­', '', 'Ah NOn je te conseil pas ğŸ˜•', '']
Brabi chnouwa raykom fel p'tit dej de Smug's la marsa ??;['Hezni m3akkk ğŸ˜­ğŸ˜­ğŸ˜­ğŸ˜­ğŸ˜­', '', 'Ah NOn je te conseil pas ğŸ˜•', '']
Bonsoir, des conseils pour un bon petit dÃ©jeuner a Ennasr pas cher et pas smug's =D ????;['Versaille', '', 'Pas cher fi nasr s3ib chwaya ama hani nestana m3ak f rÃ©ponse', '', 'La Luna', '', 'Kraft Ennacer', '', 'Kraft', '', 'Via vai', '', 'selfie', '', 'Hermes ou bien kraft', '']
Bonsoir, des conseils pour un bon petit dÃ©jeuner a Ennasr pas cher et pas smug's =D ????;['Versaille', '', 'Pas cher fi nasr s3ib chwaya ama hani nestana m3ak f rÃ©ponse', '', 'La Luna', '', 'Kraft Ennacer', '', 'Kraft', '', 'Via vai', '', 'selfie', '', 'Hermes ou bien kraft', '']
"Coucou.
Pour les gens qui ont dÃ©jÃ  essayÃ©:
Une copine me demande est-ce-que chez smug's Ennasser il existe une seule formule de brunch/petit dej oÃ¹ il y a un choix?
Sur leur page Facebook ils affichent la formule suivante.
Merci Ã  vous tous!!";"[""Y'en a plusieurs. Celle-lÃ  c'est la plus chÃ¨re Ã  19dt je crois... mais c'est de loin le meilleur ptit dej de tout ce que j'ai essayÃ©"", '', '19 dt formule 2 personne ou 1 seul ?', '', '1 personne', '', 'Oui tayara cette formule les petites patates mabanhom les jambon fumÃ© tout est bon .3andi barcha mamchitech khalitha 13 dinars mÃªla ghlet', '', 'loool lwah 19 dt , belmbet ? hhh', '', 'Merciiii walid!!!\nIl y a des formules qui contiennent du pain au chocolat, croissant, omelette?', '', ""Il y avait 6 ou 7 formules nsit leurs compositions, mais ce qui est sÃ»r c'est que c'est trop bon !!!!"", '', 'Voici un lien qui peut vous aider ...\nhttp://babydeal.com.tn/seller/petit-dejeuner-chez-smugs-ennasr/', 'Petit dÃ©jeuner ou Brunch pour deux personnes chez Smugâ€™s Ennasr -Babydeal\nbabydeal.com.tn', 'babydeal.com.tn', ""C'est un ancien deal ama fih les compos des formules"", '', ""Je viens de vÃ©rifier la formule de 19 dt c'est pour une seule personne ."", '']"
"Coucou.
Pour les gens qui ont dÃ©jÃ  essayÃ©:
Une copine me demande est-ce-que chez smug's Ennasser il existe une seule formule de brunch/petit dej oÃ¹ il y a un choix?
Sur leur page Facebook ils affichent la formule suivante.
Merci Ã  vous tous!!";"[""Y'en a plusieurs. Celle-lÃ  c'est la plus chÃ¨re Ã  19dt je crois... mais c'est de loin le meilleur ptit dej de tout ce que j'ai essayÃ©"", '', '19 dt formule 2 personne ou 1 seul ?', '', '1 personne', '', 'Oui tayara cette formule les petites patates mabanhom les jambon fumÃ© tout est bon .3andi barcha mamchitech khalitha 13 dinars mÃªla ghlet', '', 'loool lwah 19 dt , belmbet ? hhh', '', 'Merciiii walid!!!\nIl y a des formules qui contiennent du pain au chocolat, croissant, omelette?', '', ""Il y avait 6 ou 7 formules nsit leurs compositions, mais ce qui est sÃ»r c'est que c'est trop bon !!!!"", '', 'Voici un lien qui peut vous aider ...\nhttp://babydeal.com.tn/seller/petit-dejeuner-chez-smugs-ennasr/', 'Petit dÃ©jeuner ou Brunch pour deux personnes chez Smugâ€™s Ennasr -Babydeal\nbabydeal.com.tn', 'babydeal.com.tn', ""C'est un ancien deal ama fih les compos des formules"", '', ""Je viens de vÃ©rifier la formule de 19 dt c'est pour une seule personne ."", '']"
mmmmmmmmmm vraiment trop bon â˜•ğŸªğŸ§;['ptit dej Ã§a?', '']
mmmmmmmmmm vraiment trop bon â˜•ğŸªğŸ§;['ptit dej Ã§a?', '']
Pizza poulet panÃ©e+mozzarella +champignon+ oignon caramÃ©lisÃ© bniiina;"['Prix svp', '', ""Mte3kom smug's Nesrine Chtioui? ;p"", '', 'J ai l impression que toute la pizza est caramÃ©lisÃ©e', '']"
Pizza poulet panÃ©e+mozzarella +champignon+ oignon caramÃ©lisÃ© bniiina;"['Prix svp', '', ""Mte3kom smug's Nesrine Chtioui? ;p"", '', 'J ai l impression que toute la pizza est caramÃ©lisÃ©e', '']"
"Brunch pour 2 personnes Ã  Smug's :)
QuantitÃ© gÃ©nÃ©reuse, ichaba3 3alle5er w bnin !";['Sahha prix brabi ?', '', 'Le meilleure ğŸ‘ŒğŸ‘ŒğŸ‘Œ', '', 'Prix', '', 'Ouii je confirme troop bon ğŸ‘', '', '', '', 'Stoufa El Mehdi', '', 'Cyrine Mahfoudh', '', 'Malek Gargouri Ghada Mehouachi vous vous souvenez ? ğŸ¤—ğŸ˜', '', 'May Abid yalla', '', 'Kaouther Khouja', '']
"Brunch pour 2 personnes Ã  Smug's :)
QuantitÃ© gÃ©nÃ©reuse, ichaba3 3alle5er w bnin !";['Sahha prix brabi ?', '', 'Le meilleure ğŸ‘ŒğŸ‘ŒğŸ‘Œ', '', 'Prix', '', 'Ouii je confirme troop bon ğŸ‘', '', '', '', 'Stoufa El Mehdi', '', 'Cyrine Mahfoudh', '', 'Malek Gargouri Ghada Mehouachi vous vous souvenez ? ğŸ¤—ğŸ˜', '', 'May Abid yalla', '', 'Kaouther Khouja', '']
"Ompv au smug's du lac un exelent burger Buffalo double viande double fromage (apparemment c'est un nouveau pain vraiment le vrai pain burger )
Le point fort pour moi c'est la fraÃ®cheur des produits ğŸ˜ğŸ˜
Je donne 9,5/10
Prix 17 dt";['Ameni Boughanmi', '', 'Oumaima Kheriji Sabrine Kh amaaaaaaan', '', 'Sami Khadhraoui', '', 'Jouda Laabidi Ben Mahmoud', '', 'hhhh dkhalet ltaswirtek bech nchouf fomek kbir ou nn :p saha w bechfÃ©', '', 'T7essou yetekel par Ã©tage ğŸ˜‚ğŸ˜‚ w 17 dinars c correcte comme prix ğŸ¤”ğŸ¤”', '', '17 tnd yaser 3lih', '', 'Manel Tmar Akremi Imen Boughazli nemchiw amaaan', '', 'kifech yittekil', '', 'Yacine Blidi', '']
"Ompv au smug's du lac un exelent burger Buffalo double viande double fromage (apparemment c'est un nouveau pain vraiment le vrai pain burger )
Le point fort pour moi c'est la fraÃ®cheur des produits ğŸ˜ğŸ˜
Je donne 9,5/10
Prix 17 dt";['Ameni Boughanmi', '', 'Oumaima Kheriji Sabrine Kh amaaaaaaan', '', 'Sami Khadhraoui', '', 'Jouda Laabidi Ben Mahmoud', '', 'hhhh dkhalet ltaswirtek bech nchouf fomek kbir ou nn :p saha w bechfÃ©', '', 'T7essou yetekel par Ã©tage ğŸ˜‚ğŸ˜‚ w 17 dinars c correcte comme prix ğŸ¤”ğŸ¤”', '', '17 tnd yaser 3lih', '', 'Manel Tmar Akremi Imen Boughazli nemchiw amaaan', '', 'kifech yittekil', '', 'Yacine Blidi', '']
Ø§Ù†Ø§ Ù†Ø¨Ø§ØªÙŠØ© Ù‡Ù„ Ù‡Ù†Ø§Ùƒ Ù…Ø·Ø¹Ù… Ù†Ø¨Ø§ØªÙŠ ÙˆØºÙŠØ± Ø¨Ø§Ù‡Ø¸ ÙˆØ´ÙƒØ±Ø§;['Ù„Ù…Ø§Ø°Ø§ Ù…Ø·Ø¹Ù… Ù†Ø¨Ø§ØªÙŠ Ø¨Ø§Ù„ØªØ­Ø¯ÙŠØ¯ Ø£Ù„Ø§ ØªØ³ØªØ·ÙŠØ¹ÙŠÙ† Ø§Ù„Ø°Ù‡Ø§Ø¨ Ø§Ù„Ù‰ Ø§ÙŠ Ù…Ø·Ø¹Ù… Ùˆ ØªØ·Ù„Ø¨ÙŠ Ù…Ø±Ù‚Ø© Ø®Ø¶Ø±Ø© Ø³Ù„Ø·Ø© Ø§Ùˆ Ø§ÙŠ Ø´ÙŠ Ù„ÙŠØ³ ÙÙŠÙ‡ Ù„Ø­Ù… Ø§Ùˆ ØªØ·Ù„Ø¨ÙŠÙ† Ù…Ù‚Ø±ÙˆÙ†Ø© ÙƒØ°Ù‘Ø§Ø¨Ø© ..Ùˆ Ø¨Ø§Ù„Ø´ÙØ§Ø¡', '', '', '', 'Ø³ÙˆØ´ÙŠ', '', 'Stade rades', '', 'jardin l passage okhti', '', 'Ø§Ø®ÙˆØ§ØªÙŠ Ø¨Ø§Ø¨Ø§ ÙŠØ­Ø¨ ÙŠØ¹Ø²Ù… ØµØ§Ø­Ø¨Ùˆ Ø¬Ø§Ø¡ Ù…Ù† ÙØ±Ù†Ø³Ø§ ÙˆÙ…Ø­ØªØ§Ø± ÙÙŠ Ù…Ø·Ø¹Ù… Ø¯Ø§Ø®Ù„ Ø§Ù„Ø¹Ø§ØµÙ…Ø© ÙˆØ³Ø· ØªÙˆÙ†Ø³ Ø§Ù„Ø¨Ù„Ø§Ø¯ Ø§Ù„Ø³ÙˆØ±ÙŠ ÙˆØ±Ø®ÙŠØµ Ù…ÙˆØ´ ØºØ§Ù„ÙŠ ÙˆÙŠØ§ÙƒÙ„ÙˆÙ‡ Ø¨Ù†ÙŠÙ†Ø© Ùˆ ÙŠÙØ±Ø­ Ø²ÙˆØ§Ø± ØªÙˆÙ†Ø³', '', 'ÙÙ…Ø§ Ø²Ø¹Ù…Ø© Ù…Ø·Ø¹Ù… Ø¨Ù‡Ø°Ù‡ Ø§Ù„Ù…ÙˆØ§ØµÙØ§Øª', '', 'sÃ©b9a+jerraya+ matÃ©kolÃ©ch ech3ir....lol', '', 'Ù†Ø­Ù† ÙƒØ§Ù„Ø´ÙˆÙ† Ø£Ø®ØªØ§Ù‡ Ù„Ø§ Ù†Ø¹Ø±Ù Ù…Ø«Ù„ Ù‡Ø°Ù‡ Ø§Ù„Ø¹Ù†Ø§ÙˆÙŠÙ†.. Ù†Ø­Ù† Ù±Ø³ÙÙˆÙ† ğŸ˜', '', 'ÙˆØ²Ø§Ø±Ø© Ø§Ù„ÙÙ„Ø§Ø­Ø©ØŒ Ù‚Ø³Ù… ØªØ±Ø¨ÙŠØ© Ø§Ù„Ø¹Ù„Ø§Ù„Ø´', '']
Ø§Ù†Ø§ Ù†Ø¨Ø§ØªÙŠØ© Ù‡Ù„ Ù‡Ù†Ø§Ùƒ Ù…Ø·Ø¹Ù… Ù†Ø¨Ø§ØªÙŠ ÙˆØºÙŠØ± Ø¨Ø§Ù‡Ø¸ ÙˆØ´ÙƒØ±Ø§;['Ù„Ù…Ø§Ø°Ø§ Ù…Ø·Ø¹Ù… Ù†Ø¨Ø§ØªÙŠ Ø¨Ø§Ù„ØªØ­Ø¯ÙŠØ¯ Ø£Ù„Ø§ ØªØ³ØªØ·ÙŠØ¹ÙŠÙ† Ø§Ù„Ø°Ù‡Ø§Ø¨ Ø§Ù„Ù‰ Ø§ÙŠ Ù…Ø·Ø¹Ù… Ùˆ ØªØ·Ù„Ø¨ÙŠ Ù…Ø±Ù‚Ø© Ø®Ø¶Ø±Ø© Ø³Ù„Ø·Ø© Ø§Ùˆ Ø§ÙŠ Ø´ÙŠ Ù„ÙŠØ³ ÙÙŠÙ‡ Ù„Ø­Ù… Ø§Ùˆ ØªØ·Ù„Ø¨ÙŠÙ† Ù…Ù‚Ø±ÙˆÙ†Ø© ÙƒØ°Ù‘Ø§Ø¨Ø© ..Ùˆ Ø¨Ø§Ù„Ø´ÙØ§Ø¡', '', '', '', 'Ø³ÙˆØ´ÙŠ', '', 'Stade rades', '', 'jardin l passage okhti', '', 'Ø§Ø®ÙˆØ§ØªÙŠ Ø¨Ø§Ø¨Ø§ ÙŠØ­Ø¨ ÙŠØ¹Ø²Ù… ØµØ§Ø­Ø¨Ùˆ Ø¬Ø§Ø¡ Ù…Ù† ÙØ±Ù†Ø³Ø§ ÙˆÙ…Ø­ØªØ§Ø± ÙÙŠ Ù…Ø·Ø¹Ù… Ø¯Ø§Ø®Ù„ Ø§Ù„Ø¹Ø§ØµÙ…Ø© ÙˆØ³Ø· ØªÙˆÙ†Ø³ Ø§Ù„Ø¨Ù„Ø§Ø¯ Ø§Ù„Ø³ÙˆØ±ÙŠ ÙˆØ±Ø®ÙŠØµ Ù…ÙˆØ´ ØºØ§Ù„ÙŠ ÙˆÙŠØ§ÙƒÙ„ÙˆÙ‡ Ø¨Ù†ÙŠÙ†Ø© Ùˆ ÙŠÙØ±Ø­ Ø²ÙˆØ§Ø± ØªÙˆÙ†Ø³', '', 'ÙÙ…Ø§ Ø²Ø¹Ù…Ø© Ù…Ø·Ø¹Ù… Ø¨Ù‡Ø°Ù‡ Ø§Ù„Ù…ÙˆØ§ØµÙØ§Øª', '', 'sÃ©b9a+jerraya+ matÃ©kolÃ©ch ech3ir....lol', '', 'Ù†Ø­Ù† ÙƒØ§Ù„Ø´ÙˆÙ† Ø£Ø®ØªØ§Ù‡ Ù„Ø§ Ù†Ø¹Ø±Ù Ù…Ø«Ù„ Ù‡Ø°Ù‡ Ø§Ù„Ø¹Ù†Ø§ÙˆÙŠÙ†.. Ù†Ø­Ù† Ù±Ø³ÙÙˆÙ† ğŸ˜', '', 'ÙˆØ²Ø§Ø±Ø© Ø§Ù„ÙÙ„Ø§Ø­Ø©ØŒ Ù‚Ø³Ù… ØªØ±Ø¨ÙŠØ© Ø§Ù„Ø¹Ù„Ø§Ù„Ø´', '']
On a mangÃ© pour vous Ã  smug's un donut coco crÃ¨me un filly vanille et un muffin Choco nougat! Un goÃ»t impeccable et un service excellent <3 always the place to be :D;"[""Smug's marsa !!?"", '', 'sa7a ama donut klitou 3andhom sarli 2 jours mafih 7ata gout 7acha ne3met rabi', '']"
On a mangÃ© pour vous Ã  smug's un donut coco crÃ¨me un filly vanille et un muffin Choco nougat! Un goÃ»t impeccable et un service excellent <3 always the place to be :D;"[""Smug's marsa !!?"", '', 'sa7a ama donut klitou 3andhom sarli 2 jours mafih 7ata gout 7acha ne3met rabi', '']"
A smug's;"['', '', 'Miiiaammmmmmmmmmm ğŸ’œğŸ’œğŸ’œğŸ’œğŸ’œ', '', ""22 dt pour la pizza Burger et c'est pour deux personnes et 8dt je crois le cheese Burger"", '', 'kaddeh klit mon marra fi nharrr', '', ""Ce sont des anciennes photos --'"", '', 'yessser alina ya eya', '', 'Maissa MaiÃ§a', '']"
A smug's;"['', '', 'Miiiaammmmmmmmmmm ğŸ’œğŸ’œğŸ’œğŸ’œğŸ’œ', '', ""22 dt pour la pizza Burger et c'est pour deux personnes et 8dt je crois le cheese Burger"", '', 'kaddeh klit mon marra fi nharrr', '', ""Ce sont des anciennes photos --'"", '', 'yessser alina ya eya', '', 'Maissa MaiÃ§a', '']"
A good start for the day, missing this brunch so much.;"['A good start for the day, missing this brunch so much.\n#brunch #breakfast #Smugs #lac #ennasr #marsa #sousse #delicious #yummi #niceday #BigSmugsBrunch', '', 'Miam miam top 10/10', '', 'c Ã  combien pour deux personnes?', '', 'Ena mchit El smugs lac .el service catastrophique mel awel kanet tayra. Se3a jus 9dim Wel 9ahwa berda wkif 7kit m3a serveur 7seb rou7ou masm3 chay dommage ....', '', ""smug's apar tasawer fl les groupes f denya mafama chay c null"", '']"
A good start for the day, missing this brunch so much.;"['A good start for the day, missing this brunch so much.\n#brunch #breakfast #Smugs #lac #ennasr #marsa #sousse #delicious #yummi #niceday #BigSmugsBrunch', '', 'Miam miam top 10/10', '', 'c Ã  combien pour deux personnes?', '', 'Ena mchit El smugs lac .el service catastrophique mel awel kanet tayra. Se3a jus 9dim Wel 9ahwa berda wkif 7kit m3a serveur 7seb rou7ou masm3 chay dommage ....', '', ""smug's apar tasawer fl les groupes f denya mafama chay c null"", '']"
OMPV big burger pizza bniiiina;"['Ichrak Mars', '', ""MyrÃ®Ã¢m Brinis Nadia D'haimi :\\ :\\ lazem nemchiou !!"", '', 'Chay ma3edech waleh bidouna cette pizza....', '', 'OumaymaNefzi na3fek tchii5 alihom hal fazet ğŸ˜ğŸ˜ğŸ˜', '', 'Houaida Abrougui Ep Ghuidhaoui', '', 'Chai Maa', '', 'Prix', '', 'Amara Fatma', '', 'ÙƒØ§Ù† Ø§Ù†Ø§ Ù…Ø§ Ø¹Ø¬Ø¨ØªÙ†ÙŠØ´!', '', ""j'ai pris un cafÃ© nutella , on dirait du lait avec du chocoline (a 7.5 dinar) et deux gateau (foret noir et cheesecake) qui ressemblent a tout sauf a des gateau (la piÃ¨ce Ã  8dinars) une vrai arnaque cette enseigne !!"", '']"
OMPV big burger pizza bniiiina;"['Ichrak Mars', '', ""MyrÃ®Ã¢m Brinis Nadia D'haimi :\\ :\\ lazem nemchiou !!"", '', 'Chay ma3edech waleh bidouna cette pizza....', '', 'OumaymaNefzi na3fek tchii5 alihom hal fazet ğŸ˜ğŸ˜ğŸ˜', '', 'Houaida Abrougui Ep Ghuidhaoui', '', 'Chai Maa', '', 'Prix', '', 'Amara Fatma', '', 'ÙƒØ§Ù† Ø§Ù†Ø§ Ù…Ø§ Ø¹Ø¬Ø¨ØªÙ†ÙŠØ´!', '', ""j'ai pris un cafÃ© nutella , on dirait du lait avec du chocoline (a 7.5 dinar) et deux gateau (foret noir et cheesecake) qui ressemblent a tout sauf a des gateau (la piÃ¨ce Ã  8dinars) une vrai arnaque cette enseigne !!"", '']"
Hjaa bnina barchaaaaa ndour ndour wnarga3 l smug's;"['c a combien?', '', 'emm', '', 'win hetha?', '', 'Attaoui', '', ""comment s'appellent les 2 pizzas ? et une idÃ©e sur les prix ?"", '', 'Adresse???', '', 'ThÃ© best', '']"
Hjaa bnina barchaaaaa ndour ndour wnarga3 l smug's;"['c a combien?', '', 'emm', '', 'win hetha?', '', 'Attaoui', '', ""comment s'appellent les 2 pizzas ? et une idÃ©e sur les prix ?"", '', 'Adresse???', '', 'ThÃ© best', '']"
"Mmmmmm trÃ¨s bon ptit dÃ©j Ã  smug's la marsa
Tous est bon sauf les saucisses elle n'ont pas l'aire bonnes";"['Salma Ben Ouaghrem Mrad Kadira Moueddeb', '', 'saha px svp', '', 'Besma Hamdi ğŸ˜Š', '', 'Sadim ;)', '']"
"Mmmmmm trÃ¨s bon ptit dÃ©j Ã  smug's la marsa
Tous est bon sauf les saucisses elle n'ont pas l'aire bonnes";"['Salma Ben Ouaghrem Mrad Kadira Moueddeb', '', 'saha px svp', '', 'Besma Hamdi ğŸ˜Š', '', 'Sadim ;)', '']"
Petit DÃ©j Tayara Allekher W Service TrÃ¨s Rapide W Accueil Chaleureux... Vraiment Barcha Benna â¤ï¸;"['Khouloud Masmoudi Rym Dkhili', '', 'Adib Abdel', '', 'Fatouna KH', '', 'Chimon BN Jackson Jihene Ben Jerad', '', 'Mmmm', '', 'service trÃ¨s rapide !!!!!!? :o Oumayma Essifi', '', 'Stoufa El Mehdi', '', 'Prix pour duo', '', ""Nnnn vraiment c du l'arnaque mchit we ndemet j'ai payer 30d hram mchit un lundi service 0 we ftour maset laset"", '', 'Mouna Ben Aissa Mlayhi', '']"
Petit DÃ©j Tayara Allekher W Service TrÃ¨s Rapide W Accueil Chaleureux... Vraiment Barcha Benna â¤ï¸;"['Khouloud Masmoudi Rym Dkhili', '', 'Adib Abdel', '', 'Fatouna KH', '', 'Chimon BN Jackson Jihene Ben Jerad', '', 'Mmmm', '', 'service trÃ¨s rapide !!!!!!? :o Oumayma Essifi', '', 'Stoufa El Mehdi', '', 'Prix pour duo', '', ""Nnnn vraiment c du l'arnaque mchit we ndemet j'ai payer 30d hram mchit un lundi service 0 we ftour maset laset"", '', 'Mouna Ben Aissa Mlayhi', '']"
"14dt/personne
""Fema f ennasser w lac1 w marsa""";['Bnin yfata9 ena mon prÃ©fÃ©rÃ©', '', 'Chaima Khoudja', '', 'Foutoun Faten Sana Farjallah', '', 'RÃ©zz Tattouna', '', 'C quoi exactement', '', 'Stoufa El Mehdi', '', 'Fady Zehri', '', 'Ines Attar Dhouib', '']
"14dt/personne
""Fema f ennasser w lac1 w marsa""";['Bnin yfata9 ena mon prÃ©fÃ©rÃ©', '', 'Chaima Khoudja', '', 'Foutoun Faten Sana Farjallah', '', 'RÃ©zz Tattouna', '', 'C quoi exactement', '', 'Stoufa El Mehdi', '', 'Fady Zehri', '', 'Ines Attar Dhouib', '']
Ø§Ø¨Ù† Ù…Ø§ ØªØ§ÙƒÙ„;['â™¡â™¡â™¡â™¡â™¡', '', 'Selma Bouneb+ Anas Bouomrani', '', 'saha tae Ennasr?', '', 'Jihene Msehli', '', 'Hajer Thabti Ep Karoui', '', 'W ena winn ğŸ˜”ğŸ˜”', '', '', '', 'Fi naser hetha ?', '', '', '', 'Sawsen Kouki Amri', '']
Ø§Ø¨Ù† Ù…Ø§ ØªØ§ÙƒÙ„;['â™¡â™¡â™¡â™¡â™¡', '', 'Selma Bouneb+ Anas Bouomrani', '', 'saha tae Ennasr?', '', 'Jihene Msehli', '', 'Hajer Thabti Ep Karoui', '', 'W ena winn ğŸ˜”ğŸ˜”', '', '', '', 'Fi naser hetha ?', '', '', '', 'Sawsen Kouki Amri', '']
Ø§Ù„Ù‚Ù†Ø¨Ù„Ø© ... crÃ©pe sauce glace;['Takwa Dridi', '', 'Ameni Ben Aouid', '', 'Amira Jerbi Ep Razgallah', '', 'Emna Sakouhi', '', 'Rahma Rahma Trabelsi 7aja k hakka mithel !', '', 'Senda Reguei', '', 'Najla Torkhani Ep Nasraoui', '', 'Mohamed Amine Nasraoui', '', 'Siwar BK ahaika', '', 'Zied Kolsi ğŸ˜­', '']
Ø§Ù„Ù‚Ù†Ø¨Ù„Ø© ... crÃ©pe sauce glace;['Takwa Dridi', '', 'Ameni Ben Aouid', '', 'Amira Jerbi Ep Razgallah', '', 'Emna Sakouhi', '', 'Rahma Rahma Trabelsi 7aja k hakka mithel !', '', 'Senda Reguei', '', 'Najla Torkhani Ep Nasraoui', '', 'Mohamed Amine Nasraoui', '', 'Siwar BK ahaika', '', 'Zied Kolsi ğŸ˜­', '']
"It'll blow
Your mind
Away ğŸ”ğŸš€";['prix?', '']
"It'll blow
Your mind
Away ğŸ”ğŸš€";['prix?', '']
"Enjoy your meal ğŸ˜†
ğŸ”ğŸŸğŸ³ğŸ—ğŸ•ğŸ®ğŸ¹";['ils ont un pizza burger vraiment un dÃ©lice', '', 'Leurs prix svp', '', 'El taswira hedhi kol mara nra had mhabatha !', '', 'Rym Ben Attia', '', 'brabi chnowa ismha pizza', '', 'Stp fourchette des prix ?', '', 'Azza Latrous fel programme hhh', '']
"Enjoy your meal ğŸ˜†
ğŸ”ğŸŸğŸ³ğŸ—ğŸ•ğŸ®ğŸ¹";['ils ont un pizza burger vraiment un dÃ©lice', '', 'Leurs prix svp', '', 'El taswira hedhi kol mara nra had mhabatha !', '', 'Rym Ben Attia', '', 'brabi chnowa ismha pizza', '', 'Stp fourchette des prix ?', '', 'Azza Latrous fel programme hhh', '']
3alemiiiiii ğŸ˜;"['Sa7a jarti ğŸ˜ğŸ˜', '', 'Manel', '', 'prix', '', 'Sa7a ou far7a prix svp ?', '', 'Bichfa.', '', ""Par ailleurs n'est ce pas trop copieux ?toutes ces douceurs risquent de se retrouver le lendemain sur une balance.sauf peut Ãªtre si la ligne ne pose pas de soucis.helas c'est pas le cas de tout le monde."", '', 'Saha jiji ğŸ˜ğŸ˜ğŸ˜ğŸ˜', '', 'Dbarti behiya â¤â¤', '', ""C'est oÃ¹ exactement???"", '', '', '']"
3alemiiiiii ğŸ˜;"['Sa7a jarti ğŸ˜ğŸ˜', '', 'Manel', '', 'prix', '', 'Sa7a ou far7a prix svp ?', '', 'Bichfa.', '', ""Par ailleurs n'est ce pas trop copieux ?toutes ces douceurs risquent de se retrouver le lendemain sur une balance.sauf peut Ãªtre si la ligne ne pose pas de soucis.helas c'est pas le cas de tout le monde."", '', 'Saha jiji ğŸ˜ğŸ˜ğŸ˜ğŸ˜', '', 'Dbarti behiya â¤â¤', '', ""C'est oÃ¹ exactement???"", '', '', '']"
Anniversaire Rania Ben Ayed au smug's la marsa. Execellente Bouffe, service top personnel trÃ¨s agrÃ©able. Vivement recommandÃ©;"[""C'est qui Rania ben ayed ? Et en quoi ton post pourrait nous etre utile ?"", '']"
Anniversaire Rania Ben Ayed au smug's la marsa. Execellente Bouffe, service top personnel trÃ¨s agrÃ©able. Vivement recommandÃ©;"[""C'est qui Rania ben ayed ? Et en quoi ton post pourrait nous etre utile ?"", '']"
Je vous le recommande vivement The GENEROUS brunch chez smugs Marsa je me suis rÃ©galÃ© top de chez top ğŸ˜˜ğŸ˜˜ğŸ¥“ğŸ¥ğŸ§€ğŸ ,il est pour 2 personnes avec 2 cafÃ©s,2 jus ,saucisses ,chicken wings ,poulet en brochette,lÃ©gumes grillÃ©s,potatoes maison,fora mage variÃ©,jambon grillÃ©s Å“ufs et sauce maison et enfin en...;"['Anis Anis', '', 'Karama Rahmouni', '', 'Hedha houwa Rawdha Balbouli', '', 'Sinda Bm', '', 'Mariem Tamtam Rihab Marzoukii Nedra Dridi samedi ?!!! :*', '', 'Mariam Braiki', '', 'PrÃ©sentation 2/10', '', 'Surtout pas vraiment kan ta3mel shan mokli fi dar kire we service 0 we pour deux jebena 2petit tranche pain kotlo zidna ma3ejbouch CE nul fok alikom', '', ""pas mieux que la bssissa, oeuf arbi, dattes flocons d'avoine :)"", '', 'No comment', '']"
Je vous le recommande vivement The GENEROUS brunch chez smugs Marsa je me suis rÃ©galÃ© top de chez top ğŸ˜˜ğŸ˜˜ğŸ¥“ğŸ¥ğŸ§€ğŸ ,il est pour 2 personnes avec 2 cafÃ©s,2 jus ,saucisses ,chicken wings ,poulet en brochette,lÃ©gumes grillÃ©s,potatoes maison,fora mage variÃ©,jambon grillÃ©s Å“ufs et sauce maison et enfin en...;"['Anis Anis', '', 'Karama Rahmouni', '', 'Hedha houwa Rawdha Balbouli', '', 'Sinda Bm', '', 'Mariem Tamtam Rihab Marzoukii Nedra Dridi samedi ?!!! :*', '', 'Mariam Braiki', '', 'PrÃ©sentation 2/10', '', 'Surtout pas vraiment kan ta3mel shan mokli fi dar kire we service 0 we pour deux jebena 2petit tranche pain kotlo zidna ma3ejbouch CE nul fok alikom', '', ""pas mieux que la bssissa, oeuf arbi, dattes flocons d'avoine :)"", '', 'No comment', '']"
Un bon petit dej chez Smug's lac â¤â¤;['Un espace chaleureux , service rapid w breakfast bniiiin barcha ğŸ˜', '', 'Prix svp?', '']
Un bon petit dej chez Smug's lac â¤â¤;['Un espace chaleureux , service rapid w breakfast bniiiin barcha ğŸ˜', '', 'Prix svp?', '']
On a mangÃ© pour vous 1 crepe et un jus de fraise frais un DÃ©lice ,;"[""Qui dit propretÃ© dit SmugÂ´s.\nQui dit frais dit smugÂ´s.\nQui dit gÃ©nÃ©rositÃ© aussi dit SmugÂ´s:) il y'a les autres et il y'a smugÂ´s."", '']"
On a mangÃ© pour vous 1 crepe et un jus de fraise frais un DÃ©lice ,;"[""Qui dit propretÃ© dit SmugÂ´s.\nQui dit frais dit smugÂ´s.\nQui dit gÃ©nÃ©rositÃ© aussi dit SmugÂ´s:) il y'a les autres et il y'a smugÂ´s."", '']"
Je me suis rÃ©galÃ© ğŸ˜˜ğŸ˜˜ğŸ¤ğŸ¥“ğŸ¥,Ompv Chez smug's La marsa Un brunch Mighty morning croissantğŸ¥â˜•ï¸â˜•ï¸ New menu :Cafe et jus,tomate grillÃ©e,croissant garni d'oeufs et de jambon,potatos Maison,toast et sauce, pancake nutella Cadre . ...;['Mariem Oueslati', '', 'Pour demain ??', '', 'Prix??', '', 'sa7a! le prix brabi?', '', 'fi beli b 14dt', '']
Je me suis rÃ©galÃ© ğŸ˜˜ğŸ˜˜ğŸ¤ğŸ¥“ğŸ¥,Ompv Chez smug's La marsa Un brunch Mighty morning croissantğŸ¥â˜•ï¸â˜•ï¸ New menu :Cafe et jus,tomate grillÃ©e,croissant garni d'oeufs et de jambon,potatos Maison,toast et sauce, pancake nutella Cadre . ...;['Mariem Oueslati', '', 'Pour demain ??', '', 'Prix??', '', 'sa7a! le prix brabi?', '', 'fi beli b 14dt', '']
smug's lac .. un excellent choco cherry et des bons pancakes aussi que l'oreo milkshake ğŸ˜ƒğŸ˜ƒğŸ’—;"[""Bonsoir , vous pouvez mettre les prix s'il vous plaÃ®t ?"", '', 'Syrine Gharbi', '', 'meskina noura xD', '', 'C oÃ¹ Ã§a ?', '']"
smug's lac .. un excellent choco cherry et des bons pancakes aussi que l'oreo milkshake ğŸ˜ƒğŸ˜ƒğŸ’—;"[""Bonsoir , vous pouvez mettre les prix s'il vous plaÃ®t ?"", '', 'Syrine Gharbi', '', 'meskina noura xD', '', 'C oÃ¹ Ã§a ?', '']"
Bsr j ai mange pr vous un hamburger c etait mon premier et sincerement je n ai pas du tt aime il etait imbibe de sauce marron et du ketchup... immangeable je ne sais pas si ts les humbangers se ressemblent ama mouch bnin par contre les frites sont hyper delicieuses;"['smugs null,je l ai essayÃ© au lac marra pour un cheese cake ,mara pr un hamburger ,ma rjaatlouch.selon mon gout,flop', '', ""Si tu veux manger un bon burger essaie Juicy Burger Ã  Ennasr. Ils proposent bcp de burger et des compositions originales. Je t'invite Ã  essayer ğŸ˜Š"", '', 'ou bien tu peux essayer Newtown pres de clinique Ennasr ils servent des humburger extra(quantite genereuse Ã  peu pres 200 gr de viande - tres bon) et le personnel est agreable service excellent', '', 'Nulllllll hata mtaa lac', '', ""goinfre c'est toi l'affamÃ© pas nous alors mange pour toi sans oublier de payer avant de quitter"", '', '?????', '', 'Chafai Foudhil normal ???', '']"
Bsr j ai mange pr vous un hamburger c etait mon premier et sincerement je n ai pas du tt aime il etait imbibe de sauce marron et du ketchup... immangeable je ne sais pas si ts les humbangers se ressemblent ama mouch bnin par contre les frites sont hyper delicieuses;"['smugs null,je l ai essayÃ© au lac marra pour un cheese cake ,mara pr un hamburger ,ma rjaatlouch.selon mon gout,flop', '', ""Si tu veux manger un bon burger essaie Juicy Burger Ã  Ennasr. Ils proposent bcp de burger et des compositions originales. Je t'invite Ã  essayer ğŸ˜Š"", '', 'ou bien tu peux essayer Newtown pres de clinique Ennasr ils servent des humburger extra(quantite genereuse Ã  peu pres 200 gr de viande - tres bon) et le personnel est agreable service excellent', '', 'Nulllllll hata mtaa lac', '', ""goinfre c'est toi l'affamÃ© pas nous alors mange pour toi sans oublier de payer avant de quitter"", '', '?????', '', 'Chafai Foudhil normal ???', '']"
OMPV un trÃ¨s bon petit dÃ©jeuner Ã  Smug's, les berges du lac. Des Ã©lÃ©ments variÃ©s et un bon service et rapport qualitÃ© prix 8/10. Ce petit dÃ©jeuner pour deux est Ã  19d.;"[""De rien. Big Smug's je crois."", '', 'Du bacon Ãªtes vous sÃ»re??', '', 'bacon a base de boeuf', '', 'VoilÃ . C Ã§a', '', 'Ã‡a finit a quelle heure?', '', ""la carte indique que c de 7h30 jusqu'Ã  12h. Mais on a commandÃ© le notre vers 12h15 et d'autres mÃªme aprÃ¨s nous. Dnc c pa si clair ke Ã§a"", '', 'trÃ¨s bon endroit, Ã  visiter', '', 'Merci :)', '', 'Spiritus Damnatos est ce que tu sais a quelle heure leur service commence le matin ? Merci :)', '', 'Moez Amraoui 7h30 j crois', '']"
OMPV un trÃ¨s bon petit dÃ©jeuner Ã  Smug's, les berges du lac. Des Ã©lÃ©ments variÃ©s et un bon service et rapport qualitÃ© prix 8/10. Ce petit dÃ©jeuner pour deux est Ã  19d.;"[""De rien. Big Smug's je crois."", '', 'Du bacon Ãªtes vous sÃ»re??', '', 'bacon a base de boeuf', '', 'VoilÃ . C Ã§a', '', 'Ã‡a finit a quelle heure?', '', ""la carte indique que c de 7h30 jusqu'Ã  12h. Mais on a commandÃ© le notre vers 12h15 et d'autres mÃªme aprÃ¨s nous. Dnc c pa si clair ke Ã§a"", '', 'trÃ¨s bon endroit, Ã  visiter', '', 'Merci :)', '', 'Spiritus Damnatos est ce que tu sais a quelle heure leur service commence le matin ? Merci :)', '', 'Moez Amraoui 7h30 j crois', '']"
slm billehi blaisa hlowa pour pti dej ... a part smug s ... iktirahatoukom merciiii;['Fly longe', '']
slm billehi blaisa hlowa pour pti dej ... a part smug s ... iktirahatoukom merciiii;['Fly longe', '']
OAMPV un big brunch chez smug's a 19 dinars portions trÃ¨s gÃ©nÃ©reuses pour deux personnes je vous le conseille fortement .;"['Hafewa Bargaoui', '', 'Mriiwa Aloui Maw tfehemna manech mte3 pti dej :D pti dej Ã  15h :D', '', 'Hafewa Bargaoui bech n5ounik il marra hedhi :D', '', ""Mriiwa Aloui la ma7soub heuuh maw steneset bik :'( :'("", '', 'Mouelhi Amani', '', 'Ahlem jo3eet ğŸ˜œğŸ˜œ neemchiiw 3laa 9rrribb ğŸ˜†ğŸ˜ğŸ˜', '', 'Oui oui :p Amani Mouelhi', '', 'Ines Ben Aissa', '', 'Nemchiw Siwar Messai', '']"
OAMPV un big brunch chez smug's a 19 dinars portions trÃ¨s gÃ©nÃ©reuses pour deux personnes je vous le conseille fortement .;"['Hafewa Bargaoui', '', 'Mriiwa Aloui Maw tfehemna manech mte3 pti dej :D pti dej Ã  15h :D', '', 'Hafewa Bargaoui bech n5ounik il marra hedhi :D', '', ""Mriiwa Aloui la ma7soub heuuh maw steneset bik :'( :'("", '', 'Mouelhi Amani', '', 'Ahlem jo3eet ğŸ˜œğŸ˜œ neemchiiw 3laa 9rrribb ğŸ˜†ğŸ˜ğŸ˜', '', 'Oui oui :p Amani Mouelhi', '', 'Ines Ben Aissa', '', 'Nemchiw Siwar Messai', '']"
J'ai mangÃ© pour vous Ã  smug's lac cheese cacke kinder et caramel ..10/10;['Ali Khamassi', '']
J'ai mangÃ© pour vous Ã  smug's lac cheese cacke kinder et caramel ..10/10;['Ali Khamassi', '']
"OMPV chez smug's ennaser 2
Pizza burger pour 2 personnes a 22 dt bniiiiiiiiiiina";"[""MarwÃ  Gharbi ahaya :'("", '', 'Sana Siala :p', '', 'Iris Namlok', '', 'Je confirme ğŸ˜ğŸ‘', '', 'Bouba Ben Mansour :o', '', 'Nesrine Ben Khoud', '', 'oui trop bonne <3', '', 'Marwa :p', '', 'Meriem El Wertani', '', 'Haya :p', '']"
"OMPV chez smug's ennaser 2
Pizza burger pour 2 personnes a 22 dt bniiiiiiiiiiina";"[""MarwÃ  Gharbi ahaya :'("", '', 'Sana Siala :p', '', 'Iris Namlok', '', 'Je confirme ğŸ˜ğŸ‘', '', 'Bouba Ben Mansour :o', '', 'Nesrine Ben Khoud', '', 'oui trop bonne <3', '', 'Marwa :p', '', 'Meriem El Wertani', '', 'Haya :p', '']"
On a mangÃ© pour vous chez smug's des verrines!vraiment un vrai delice avec un gout inimaginable (oreo, tiramissu,fruit rouge ,banofie);"['Eya Boukadida njarbouh hedha', '', 'Saha', '', ""Ons M'ajouli"", '', 'sa7a wine hedha?', '', 'Dol Cezza ğŸ˜€', '', 'Souha Chabchoub', '', 'Prix par unitÃ©?', '', '', '', 'Fine hedha svp', '']"
On a mangÃ© pour vous chez smug's des verrines!vraiment un vrai delice avec un gout inimaginable (oreo, tiramissu,fruit rouge ,banofie);"['Eya Boukadida njarbouh hedha', '', 'Saha', '', ""Ons M'ajouli"", '', 'sa7a wine hedha?', '', 'Dol Cezza ğŸ˜€', '', 'Souha Chabchoub', '', 'Prix par unitÃ©?', '', '', '', 'Fine hedha svp', '']"
Une adresse* pour un bon cafÃ©/resto entre amis ? (E.g Smug's, Beans, etc ..);['CafÃ© journal', '', 'Villa Carthage', '', 'Cote jardin', '']
Une adresse* pour un bon cafÃ©/resto entre amis ? (E.g Smug's, Beans, etc ..);['CafÃ© journal', '', 'Villa Carthage', '', 'Cote jardin', '']
"On a mangÃ© pour vous un brunch au smug's du lac un meat breakfast je pense Ã  14dt ,super super bon et service rapide
Je trouve que c'est un bon rapport qualitÃ© prix â¤â¤ğŸ‘Œ";['Oui je confirme', '']
"On a mangÃ© pour vous un brunch au smug's du lac un meat breakfast je pense Ã  14dt ,super super bon et service rapide
Je trouve que c'est un bon rapport qualitÃ© prix â¤â¤ğŸ‘Œ";['Oui je confirme', '']
Bonsoir tout le monde svp vos avis sur le ptit dej smug's rapport qualitÃ© prix et merci;['ğŸ˜', '']
Bonsoir tout le monde svp vos avis sur le ptit dej smug's rapport qualitÃ© prix et merci;['ğŸ˜', '']
Menu big Smug's a 20dt vraiment idawe5555 iwakel 3 personnes un deliceeee;"['Sadim', '', 'Rytou hal mignon lyoum mashallah alih , rabby yfadhelhoulk et saha l brunch ğŸ˜Š', '', 'Imen BenAba l9ina win noftrou 8odwa', '', 'Sami Chakroun kifech mfhemtekech', '', 'BientÃ´t f lac 2 nchallah', '', 'ech t7ebo talkiz w t5alwith machoftha ken fi twansa', '', 'Mahdi Laribi', '', 'C un petit dej ou dej', '', ""c'est qu'on appel un americain breakfast"", '', 'Sa77a w bechfÃ©', '']"
Menu big Smug's a 20dt vraiment idawe5555 iwakel 3 personnes un deliceeee;"['Sadim', '', 'Rytou hal mignon lyoum mashallah alih , rabby yfadhelhoulk et saha l brunch ğŸ˜Š', '', 'Imen BenAba l9ina win noftrou 8odwa', '', 'Sami Chakroun kifech mfhemtekech', '', 'BientÃ´t f lac 2 nchallah', '', 'ech t7ebo talkiz w t5alwith machoftha ken fi twansa', '', 'Mahdi Laribi', '', 'C un petit dej ou dej', '', ""c'est qu'on appel un americain breakfast"", '', 'Sa77a w bechfÃ©', '']"
A good start for the day, missing this brunch so much.;['Adel Bouadila', '', 'lprix stp !!', '', 'Prix', '', 'shniya les formules ili handou', '', 'Ryma Ouerghemmi Ep Mejri', '', 'Le prix svp', '']
A good start for the day, missing this brunch so much.;['Adel Bouadila', '', 'lprix stp !!', '', 'Prix', '', 'shniya les formules ili handou', '', 'Ryma Ouerghemmi Ep Mejri', '', 'Le prix svp', '']
"Magnifique tacos francais chez ""Chaneb"" Ã  ennasr, rue hedi nouira juste Ã  cotÃ© de smug's ! Franchement trÃ©s bon, assez copieux mais surtout PROPRE !!! Pour un prix plus ou moins raisonnable de 6.5 dt le simple, et 10 dt le double ! De plus, Ã§a ferme aux alentours de 2h30 du matin en mileu de...";['Tacos franÃ§ais ..... a quand le couscous japonais', '', 'Thahhraaa pub ğŸ˜±ğŸ˜±ğŸ˜ğŸ˜‚ğŸ˜‚', '', 'Je confirme', '', 'Maychaba3ech jimla et quantitÃ© fromage trÃ¨s peu pour un sandwich 8.5 et la sauce blanche jerya barcha kaskrout kollou y9atter', '', 'sandwich bil crÃ¨me fraÃ®che ma7assitch gout fromage!', '', 'Mohamed Ali Meddeb', '', 'y3ayyef chrit mennou en plus mafih chay faregh, w ghali nar', '', 'Zied Nesrine Ben Rejeb Riadh Picasso Zied Ghorbel @', '', 'Hend Kilani', '']
"Magnifique tacos francais chez ""Chaneb"" Ã  ennasr, rue hedi nouira juste Ã  cotÃ© de smug's ! Franchement trÃ©s bon, assez copieux mais surtout PROPRE !!! Pour un prix plus ou moins raisonnable de 6.5 dt le simple, et 10 dt le double ! De plus, Ã§a ferme aux alentours de 2h30 du matin en mileu de...";['Tacos franÃ§ais ..... a quand le couscous japonais', '', 'Thahhraaa pub ğŸ˜±ğŸ˜±ğŸ˜ğŸ˜‚ğŸ˜‚', '', 'Je confirme', '', 'Maychaba3ech jimla et quantitÃ© fromage trÃ¨s peu pour un sandwich 8.5 et la sauce blanche jerya barcha kaskrout kollou y9atter', '', 'sandwich bil crÃ¨me fraÃ®che ma7assitch gout fromage!', '', 'Mohamed Ali Meddeb', '', 'y3ayyef chrit mennou en plus mafih chay faregh, w ghali nar', '', 'Zied Nesrine Ben Rejeb Riadh Picasso Zied Ghorbel @', '', 'Hend Kilani', '']
"OMPV chez Smug's Lac 1,
3 Breakfast (scrambled, Sweet American )
Excellent rapport qualitÃ© prix, trÃ¨s bon service
Je note 10/10";"['cc Ã”ns Nacef :D', '', ""c'est mon prÃ©fÃ©rÃ©.. je vous conseille d'y commander des Classic Burgers ;)"", '', 'Marwa Dekhil Samir Ben Chaabane Nadia Dekhil', '', 'Sawsen BenChaabane BenZarrouk ce weekend :D lool sur', '', 'les prix sont sur la 5Ã¨me photo', '', 'Rabaa Lachheb', '', 'ey win yar7em bouk wel prix??,', '', 'Pancake t3yyyf c la base d une crepe mjet chay hsilo lesm el 3ali wel mrbet el khali', '', 'Miam miam', '', ""C'est ou et le prix merci"", '']"
"OMPV chez Smug's Lac 1,
3 Breakfast (scrambled, Sweet American )
Excellent rapport qualitÃ© prix, trÃ¨s bon service
Je note 10/10";"['cc Ã”ns Nacef :D', '', ""c'est mon prÃ©fÃ©rÃ©.. je vous conseille d'y commander des Classic Burgers ;)"", '', 'Marwa Dekhil Samir Ben Chaabane Nadia Dekhil', '', 'Sawsen BenChaabane BenZarrouk ce weekend :D lool sur', '', 'les prix sont sur la 5Ã¨me photo', '', 'Rabaa Lachheb', '', 'ey win yar7em bouk wel prix??,', '', 'Pancake t3yyyf c la base d une crepe mjet chay hsilo lesm el 3ali wel mrbet el khali', '', 'Miam miam', '', ""C'est ou et le prix merci"", '']"
"Coucou tout le monde ğŸ˜€
Alors juste 3al faza mchit ftart chez Smug's & Go fel manar 3 au kiosque oillybia : un sandwich et un dessert au nom bizar mais extrÃªmement succulents !!
Je n'ai pas attendu 1h ğŸ˜‰ tic tac le temps d'une petite pause dÃ©j.
#free_smugs #soyons_objectif";['Ah ouii.<3', '', 'Prix ?', '']
"Coucou tout le monde ğŸ˜€
Alors juste 3al faza mchit ftart chez Smug's & Go fel manar 3 au kiosque oillybia : un sandwich et un dessert au nom bizar mais extrÃªmement succulents !!
Je n'ai pas attendu 1h ğŸ˜‰ tic tac le temps d'une petite pause dÃ©j.
#free_smugs #soyons_objectif";['Ah ouii.<3', '', 'Prix ?', '']
ğŸ˜€ğŸ˜œğŸ‘Œ;['Hayfa Lakhdar', '']
ğŸ˜€ğŸ˜œğŸ‘Œ;['Hayfa Lakhdar', '']
Ã  essayer absolument, surtout la smug's pizza <3;"[""La pizza est bonne mais c'est vraiment lourd comme plat !!"", '', 'Sarra Cherif .... ;)', '', 'je vois que le tunisien cherche encore le fast food .bon chance et merci.signÃ© to fois', '', 'ton', '', 'Le BON fast food', '', ""C'est oÃ¹ exactement svp? Merci"", '', ""Je vais l'essayer pour vous j 'espere que Ã§a passe bien:-P"", '', 'Bechir Chakroun', '', '', '']"
Ã  essayer absolument, surtout la smug's pizza <3;"[""La pizza est bonne mais c'est vraiment lourd comme plat !!"", '', 'Sarra Cherif .... ;)', '', 'je vois que le tunisien cherche encore le fast food .bon chance et merci.signÃ© to fois', '', 'ton', '', 'Le BON fast food', '', ""C'est oÃ¹ exactement svp? Merci"", '', ""Je vais l'essayer pour vous j 'espere que Ã§a passe bien:-P"", '', 'Bechir Chakroun', '', '', '']"
bsr bsr j ai mange ( goute) pr vs 2 crepes et un suppl de frite chez smugs lac pr les crepes celle au fromage et jambon etait delicieuse l autre au banane et au chocolat j ai pas du tt aime surtout qu il n y avait quasiment pas de chocolat chwaaaaaaaaayaaaaaa pr les frites ct 3alaaaaaami;['prix ?', '', '7d', '']
bsr bsr j ai mange ( goute) pr vs 2 crepes et un suppl de frite chez smugs lac pr les crepes celle au fromage et jambon etait delicieuse l autre au banane et au chocolat j ai pas du tt aime surtout qu il n y avait quasiment pas de chocolat chwaaaaaaaaayaaaaaa pr les frites ct 3alaaaaaami;['prix ?', '', '7d', '']
"OMPV un petit dÃ©jeuner ""Big brunch "" pour 2 personnes Ã  Smug's ennaser
Prix = 20 dt";"['CafÃ©, charcuterie, oeufs, potates, jus , pancakes, toasts, confiture, beurre, Nutella', '', 'Hedha big brunch??? ğŸ¤”ğŸ¤”', '', 'Oui', '', 'Cest pauvre en plus cher !', '', 'Hetha 20?', '', 'C oÃ¹?', '', ""Hetha B 12D w takel kad matheb w taaaawed takel self service hetha f jars&co s tAswira lokhra f diesel walh c'est trop 20D"", '', 'Smugs kont dima nmchilha ema Melli wallew ylabzou ya3tiw kol chay jeri bl mÃ© Ma3adch nemchilha', '', 'Ils prennent les tickets Resto ou nn svp Ã  smugs', '', 'HanÃ© SÃ©hli', '']"
"OMPV un petit dÃ©jeuner ""Big brunch "" pour 2 personnes Ã  Smug's ennaser
Prix = 20 dt";"['CafÃ©, charcuterie, oeufs, potates, jus , pancakes, toasts, confiture, beurre, Nutella', '', 'Hedha big brunch??? ğŸ¤”ğŸ¤”', '', 'Oui', '', 'Cest pauvre en plus cher !', '', 'Hetha 20?', '', 'C oÃ¹?', '', ""Hetha B 12D w takel kad matheb w taaaawed takel self service hetha f jars&co s tAswira lokhra f diesel walh c'est trop 20D"", '', 'Smugs kont dima nmchilha ema Melli wallew ylabzou ya3tiw kol chay jeri bl mÃ© Ma3adch nemchilha', '', 'Ils prennent les tickets Resto ou nn svp Ã  smugs', '', 'HanÃ© SÃ©hli', '']"
"Ø§Ù„ÙŠÙˆÙ… Ø¬Ø±Ø¨Ù†Ø§ Ø§Ù„Ø¨Ø±ØºØ±
Je note 7/10
Ø§Ù„Ø¨Ù„Ø§ØµØ© Ù…Ø²ÙŠØ§Ù†Ø©
Ø§Ù„Ø³Ø±ÙÙŠØ³ ÙØ±Ø­ Ø¨ÙŠÙ†Ø§ Ø§Ù…Ø§ Ø­Ø¨Ù„Ùˆ ÙˆÙ‚Øª Ø¨Ø§Ø´ Ø¬Ø§Ø¨ÙˆÙ„Ù†Ø§ Ø§Ù„Ø¨Ø±ØºØ±
Ù…Ø´ÙƒÙ„ Ø§Ù„ÙŠ ÙÙŠÙ‡ Ø®Ø¨Ø²Ùˆ Ù…ÙˆØ´ Ø­Ø§Ø¬Ø© Ø§Ù„Ø¨Ø§Ù‚ÙŠ Ø¨Ø§Ù‡ÙŠ
Ø§Ù…Ø§ Ù…Ù‡ÙˆØ´ Ø­Ø§Ø¬Ø© ÙˆØ§Ùˆ ..";['ØµØ­Ø© ÙˆØ¨Ø´ÙØ§Ø¡ Ù„ÙŠÙƒ', '', 'Saha u idÃ©e sur l prix', '', 'Soumer Anis Hareth Kastalli', '', 'Saha\nAma ken bnin !!', '']
"Ø§Ù„ÙŠÙˆÙ… Ø¬Ø±Ø¨Ù†Ø§ Ø§Ù„Ø¨Ø±ØºØ±
Je note 7/10
Ø§Ù„Ø¨Ù„Ø§ØµØ© Ù…Ø²ÙŠØ§Ù†Ø©
Ø§Ù„Ø³Ø±ÙÙŠØ³ ÙØ±Ø­ Ø¨ÙŠÙ†Ø§ Ø§Ù…Ø§ Ø­Ø¨Ù„Ùˆ ÙˆÙ‚Øª Ø¨Ø§Ø´ Ø¬Ø§Ø¨ÙˆÙ„Ù†Ø§ Ø§Ù„Ø¨Ø±ØºØ±
Ù…Ø´ÙƒÙ„ Ø§Ù„ÙŠ ÙÙŠÙ‡ Ø®Ø¨Ø²Ùˆ Ù…ÙˆØ´ Ø­Ø§Ø¬Ø© Ø§Ù„Ø¨Ø§Ù‚ÙŠ Ø¨Ø§Ù‡ÙŠ
Ø§Ù…Ø§ Ù…Ù‡ÙˆØ´ Ø­Ø§Ø¬Ø© ÙˆØ§Ùˆ ..";['ØµØ­Ø© ÙˆØ¨Ø´ÙØ§Ø¡ Ù„ÙŠÙƒ', '', 'Saha u idÃ©e sur l prix', '', 'Soumer Anis Hareth Kastalli', '', 'Saha\nAma ken bnin !!', '']
"On a mangÃ© pour vous un super bon amarican dream burger chez smug's (lac2 je prÃ©cise)
Personnels accueillants , on a mÃªme eu une rÃ©duction Ã  la caisse . Au lieu de payer 31.500 pour 3 burgers on a payÃ© 29d .";['Anissa Hager Zbiss', '']
"On a mangÃ© pour vous un super bon amarican dream burger chez smug's (lac2 je prÃ©cise)
Personnels accueillants , on a mÃªme eu une rÃ©duction Ã  la caisse . Au lieu de payer 31.500 pour 3 burgers on a payÃ© 29d .";['Anissa Hager Zbiss', '']
"Smug's, Lac
Salade poulet grillÃ©: 9,500 dt
Bonne bouffe & bon service";['C ou exactement w ahna jain mel la mars Ã ?', '']
"Smug's, Lac
Salade poulet grillÃ©: 9,500 dt
Bonne bouffe & bon service";['C ou exactement w ahna jain mel la mars Ã ?', '']
Bonjour qui a essayÃ© le burger du smug's la marsa?;['C toooop', '']
Bonjour qui a essayÃ© le burger du smug's la marsa?;['C toooop', '']
"J ai mangÃ© pour vous un petit dÃ©j Ã  loft 27 Ã  l aouina ce matin ( je me rappel pas du nom) mais celui Ã  18d900. Super bon; quantitÃ© gÃ©nÃ©reuse on Ã©tÃ© 2 personne on a prie 1 seul menu et on a juste rajoutÃ© 1 cafÃ©; et surtt surtt surtt mega super rapide; Ã  comparÃ© de smug's le samedi dernier on a attendu +que 45mn. Sans oubliÃ© la deco qui Ã©tÃ© superbe.";['Sahaaaa w bel chfee mercii de partager ton expÃ©rience ğŸ˜˜', '', 'Tkassim andhom 5BOZ gÃ¢teau bneeeen', '', 'Mariouma Makhlouf+Yasmine Kaabia', '']
"J ai mangÃ© pour vous un petit dÃ©j Ã  loft 27 Ã  l aouina ce matin ( je me rappel pas du nom) mais celui Ã  18d900. Super bon; quantitÃ© gÃ©nÃ©reuse on Ã©tÃ© 2 personne on a prie 1 seul menu et on a juste rajoutÃ© 1 cafÃ©; et surtt surtt surtt mega super rapide; Ã  comparÃ© de smug's le samedi dernier on a attendu +que 45mn. Sans oubliÃ© la deco qui Ã©tÃ© superbe.";['Sahaaaa w bel chfee mercii de partager ton expÃ©rience ğŸ˜˜', '', 'Tkassim andhom 5BOZ gÃ¢teau bneeeen', '', 'Mariouma Makhlouf+Yasmine Kaabia', '']
TrÃ¨s bonne pizza Smug's La Marsa;['saha :) il y a quoi dedans et le prix svp ?', '', '<3 <3 <3', '', 'prix', '']
TrÃ¨s bonne pizza Smug's La Marsa;['saha :) il y a quoi dedans et le prix svp ?', '', '<3 <3 <3', '', 'prix', '']
Je vous recommande d'aller Ã  smugs lac 2 rÃ©cemment ouvert. Le service est excellent, le personnel souriant et professionnel et le rapport qualitÃ© prix est plus que satisfaisant.ğŸ˜„;"[""Smug's lac 1 est nul"", '', ""je vais tester parceque j ai l impression que smugs lac 1 est mal gÃ©rÃ© la semaine derniere la moitiÃ© de la carte n est pas dispo meme coca zero y avait pas puis on commande une crepe et un hamberger ils tardent a venir 15 min puis 20 min et au bout d 'une heure mon mari est parti voir le serveur il lui a dit dÃ©solÃ© on a un pb en cuisine bon a decidÃ© de partir ailleurs et le gars n etait pas gÃ©nÃ© comme si c etait normal qu on attend plus d une heure pour une crepe"", '', 'Soyez les bienvenu(e)s !ğŸ˜Š', '', 'Naoufel Jerbi', '', '', '', 'Meher Bayounes Cataloni', '', 'Zaineb Kdous', '', 'ÙƒØ§Ù† Ù†Ù…Ø´ÙŠ Ù†Ø±ÙˆØ­ Ø¨Ø§Ù„ÙƒØ§Ø³ Ù‡Ù‡Ù‡Ù‡Ù‡', '', 'Rihab Melki hana l9ina fekra ğŸ˜‹', '', 'sumg\'s la marsa n\'est vraiment pas professionnel !\non a commendÃ© deux hamburger serivie aprÃ©s plus d\'une 30 minute d""attente , froid.. on a commandÃ© deux classique s ketchup on nous sert deux avec ketchup', '']"
Je vous recommande d'aller Ã  smugs lac 2 rÃ©cemment ouvert. Le service est excellent, le personnel souriant et professionnel et le rapport qualitÃ© prix est plus que satisfaisant.ğŸ˜„;"[""Smug's lac 1 est nul"", '', ""je vais tester parceque j ai l impression que smugs lac 1 est mal gÃ©rÃ© la semaine derniere la moitiÃ© de la carte n est pas dispo meme coca zero y avait pas puis on commande une crepe et un hamberger ils tardent a venir 15 min puis 20 min et au bout d 'une heure mon mari est parti voir le serveur il lui a dit dÃ©solÃ© on a un pb en cuisine bon a decidÃ© de partir ailleurs et le gars n etait pas gÃ©nÃ© comme si c etait normal qu on attend plus d une heure pour une crepe"", '', 'Soyez les bienvenu(e)s !ğŸ˜Š', '', 'Naoufel Jerbi', '', '', '', 'Meher Bayounes Cataloni', '', 'Zaineb Kdous', '', 'ÙƒØ§Ù† Ù†Ù…Ø´ÙŠ Ù†Ø±ÙˆØ­ Ø¨Ø§Ù„ÙƒØ§Ø³ Ù‡Ù‡Ù‡Ù‡Ù‡', '', 'Rihab Melki hana l9ina fekra ğŸ˜‹', '', 'sumg\'s la marsa n\'est vraiment pas professionnel !\non a commendÃ© deux hamburger serivie aprÃ©s plus d\'une 30 minute d""attente , froid.. on a commandÃ© deux classique s ketchup on nous sert deux avec ketchup', '']"
Bonjour un bon endroit pour un petit dej zone marsa ğŸ˜?;"['Chta3mil fil marsa ğŸ˜', '', 'ERIC KAYSER', '', 'La tournelle', '', 'Lili cabana', '', 'Coste sidi bou', '', ""Smug's"", '', ""Hangar wala smug's"", '', ""Smug's"", '', ""Smug's pancake ibnin ou omlette ibnina et assiette charcuterie ibnina wela cosmitto cafe tiramisu yeser ibnina original ou viennoiserie imte3hom ibnina barcha wel donuts\nEric kayser vise akahaw cosmitto aben ibarcha"", '', ""Merci bcp mchet lel smug's ce bon tayara â¤â¤"", '']"
Bonjour un bon endroit pour un petit dej zone marsa ğŸ˜?;"['Chta3mil fil marsa ğŸ˜', '', 'ERIC KAYSER', '', 'La tournelle', '', 'Lili cabana', '', 'Coste sidi bou', '', ""Smug's"", '', ""Hangar wala smug's"", '', ""Smug's"", '', ""Smug's pancake ibnin ou omlette ibnina et assiette charcuterie ibnina wela cosmitto cafe tiramisu yeser ibnina original ou viennoiserie imte3hom ibnina barcha wel donuts\nEric kayser vise akahaw cosmitto aben ibarcha"", '', ""Merci bcp mchet lel smug's ce bon tayara â¤â¤"", '']"
Des suggestions mta3 9hawi mezyana fi nassr w Faha 7ajet bnina et merci !!;"['Mezyana w bnina hhh abak abak Nouha Bou', '', 'versaille ..hermes', '', ""Hajet bnina donc smug's"", '', ""Ili samawhomlik lkol behyn ama standard l hajet ili fehom smug's talka feha hajet yeser bnen"", '', 'Versailles cafÃ© ennasr', '', 'C Versailles cafÃ© ennasr, ndhifa, de plus carte variÃ©e et de la bonne nourriture', '', 'Steps cafe (en face sidi bou) mekla bnina w des cocktails tres originaux', '', 'Nouha Bou versailles w showcolat w selfie w pomme de pain w costa plus au moins ahsan 9hawi w plan B, juicy burger, the square, 1 metre pizza zeda plus au moins ahsan fast food ghady', '', '3aaaychhh lzennnn', '', 'Ocean', '']"
Des suggestions mta3 9hawi mezyana fi nassr w Faha 7ajet bnina et merci !!;"['Mezyana w bnina hhh abak abak Nouha Bou', '', 'versaille ..hermes', '', ""Hajet bnina donc smug's"", '', ""Ili samawhomlik lkol behyn ama standard l hajet ili fehom smug's talka feha hajet yeser bnen"", '', 'Versailles cafÃ© ennasr', '', 'C Versailles cafÃ© ennasr, ndhifa, de plus carte variÃ©e et de la bonne nourriture', '', 'Steps cafe (en face sidi bou) mekla bnina w des cocktails tres originaux', '', 'Nouha Bou versailles w showcolat w selfie w pomme de pain w costa plus au moins ahsan 9hawi w plan B, juicy burger, the square, 1 metre pizza zeda plus au moins ahsan fast food ghady', '', '3aaaychhh lzennnn', '', 'Ocean', '']"
